user_id,debt_to_income,num_loan_types,payment_ratio,total_debt,credit_utilization
0,0.17560099129355897,2,0.9545454545454546,161736.34261901348,5.853366376451966
1,0.31142400497408124,1,0.84,128330.80915360933,10.380800165802707
2,0.20282752119390005,1,0.75,320973.4688548069,6.760917373130002
3,0.171984661146915,2,0.8571428571428571,138843.72288045136,5.732822038230499
4,0.12401235738149122,1,0.7142857142857143,185112.98510185102,4.133745246049707
5,0.14964087009325966,1,1.0,161718.44936598057,4.988029003108655
6,0.892963961924342,3,0.8333333333333334,716932.5520292067,29.765465397478064
7,0.24549058063684517,1,0.6666666666666666,217274.2162366626,8.183019354561505
8,0.8949221491341797,4,0.9166666666666666,476279.99069905444,29.830738304472654
9,0.09062380781972741,1,0.8823529411764706,48195.21506916096,3.0207935939909136
10,0.09952480986475912,1,1.0,107886.04231887276,3.3174936621586375
11,0.22040731060730356,1,0.6666666666666666,186116.5772734474,7.346910353576785
12,0.18702423074026933,1,0.6666666666666666,149897.75591690245,6.234141024675645
13,0.3179219311666424,2,0.9473684210526315,215589.85944053376,10.597397705554748
14,0.13542888321379692,1,0.9130434782608695,313630.61694775213,4.5142961071265635
15,0.2963491599259422,2,0.9444444444444444,284859.4334617335,9.87830533086474
16,0.34912089102326754,2,0.8387096774193549,164877.96349220682,11.637363034108917
17,0.33505093012324316,2,0.8809523809523809,113250.47940809722,11.168364337441439
18,0.5885029849336159,3,0.90625,775155.9707477128,19.616766164453864
19,0.0,0,0.0,0.0,0.0
20,0.227065286742263,1,0.8571428571428571,206134.94999698648,7.568842891408767
21,0.21993531195907212,2,0.875,853100.777420045,7.331177065302404
22,0.2408966485309642,1,0.9473684210526315,180781.2294552166,8.029888284365473
23,0.29384547288550084,2,0.8695652173913043,142797.30903066348,9.794849096183363
24,0.33048257297747546,2,0.8974358974358975,160023.5282699434,11.016085765915848
25,0.0,0,0.0,0.0,0.0
26,0.4020746110311548,3,0.8333333333333334,137664.78547537958,13.402487034371829
27,0.1338263610630039,1,0.9,80955.44712590035,4.460878702100131
28,0.16930852896795973,2,0.8928571428571429,174715.75273740455,5.643617632265325
29,0.0,0,0.0,0.0,0.0
30,0.0,0,0.0,0.0,0.0
31,0.19319974948529575,2,0.8888888888888888,80237.24586118144,6.4399916495098575
32,0.14167653693960117,1,0.8333333333333334,79948.39010401235,4.72255123132004
33,0.7551800807594241,3,0.975,537579.6461662123,25.17266935864747
34,0.0,0,0.0,0.0,0.0
35,0.5410226787008681,3,0.9411764705882353,493604.37671226583,18.034089290028934
36,0.1745362795511649,1,0.5,35950.72125798298,5.81787598503883
37,0.16637398070930645,1,0.3333333333333333,81640.11609261477,5.5457993569768815
38,0.2278406777804445,1,0.9565217391304348,109631.94194715722,7.59468925934815
39,0.4982624468754207,3,0.8421052631578947,480079.43447016017,16.60874822918069
40,0.4894852384230823,3,0.8181818181818182,274797.4156419945,16.316174614102742
41,0.4157715315007697,3,0.8095238095238095,313988.9143409535,13.859051050025656
42,0.08517311156137292,1,1.0,61476.442750006405,2.8391037187124306
43,0.0,0,0.0,0.0,0.0
44,0.0,0,0.0,0.0,0.0
45,0.15207715437946262,1,0.6666666666666666,121099.09113985219,5.069238479315421
46,0.36925598119262937,2,0.9,194042.6661920005,12.308532706420978
47,0.0823327426191422,1,0.8333333333333334,97554.16565962647,2.744424753971406
48,0.16736129087750723,1,0.7894736842105263,194796.6661832529,5.578709695916908
49,0.6138955606583077,3,0.9024390243902439,382403.4711311734,20.463185355276924
50,0.6837710682888664,3,0.8518518518518519,680987.1342027079,22.792368942962213
51,0.08381123940795909,1,0.8333333333333334,79950.70422230293,2.7937079802653026
52,0.4336954044597025,3,0.9523809523809523,190384.86866824384,14.456513481990083
53,0.0,0,0.0,0.0,0.0
54,0.2447916210096545,3,0.775,120809.35223191866,8.159720700321817
55,0.05321164342546759,1,1.0,47271.91933467837,1.7737214475155865
56,0.3245925164399511,2,0.9166666666666666,726791.2307832052,10.81975054799837
57,0.11083051488181309,1,0.75,76619.17552043367,3.6943504960604363
58,0.5387730098212267,3,0.8125,708663.9433255375,17.95910032737422
59,0.0,0,0.0,0.0,0.0
60,0.12829553500383561,1,0.8181818181818182,193186.67496160444,4.276517833461187
61,0.0,0,0.0,0.0,0.0
62,0.3950625193030808,2,0.875,266766.5486948299,13.168750643436026
63,0.08845884168226768,1,0.9166666666666666,41618.160017319235,2.9486280560755893
64,0.18736238880263398,1,0.8888888888888888,84725.56887043231,6.2454129600877994
65,0.2649347697421445,3,0.8181818181818182,107234.68486829638,8.831158991404818
66,0.04811060029032626,1,1.0,20700.310290774516,1.6036866763442088
67,0.4316304113872507,1,0.8333333333333334,382330.5388014369,14.387680379575023
68,0.07941080226042085,1,0.5,40876.64250279489,2.6470267420140288
69,0.38219844488823973,3,0.9411764705882353,190349.23944445443,12.739948162941323
70,0.0,0,0.0,0.0,0.0
71,0.2049033421474621,2,0.9473684210526315,152339.27161207367,6.830111404915402
72,0.2909878108427662,2,0.8125,114733.44887046124,9.699593694758873
73,0.38056162864076576,3,0.9411764705882353,222244.54303820038,12.685387621358862
74,0.2354142086019276,2,1.0,201936.3273927144,7.84714028673092
75,0.3995376111533301,2,0.9393939393939394,218997.71092047205,13.317920371777669
76,0.6020548416212745,3,0.9487179487179487,792303.0429283298,20.06849472070915
77,0.36427476296832023,2,0.8181818181818182,764541.694920114,12.142492098944007
78,0.1917466663721762,1,0.6666666666666666,138815.0936127001,6.391555545739205
79,0.3435451387471162,3,0.9375,177296.12739842726,11.451504624903873
80,0.2379287957267907,1,0.8888888888888888,220051.40598035426,7.930959857559691
81,0.0,0,0.0,0.0,0.0
82,0.3479932866734619,3,0.782608695652174,604442.4122274783,11.59977622244873
83,0.2774676075176651,2,0.875,576040.7398131634,9.248920250588837
84,0.12008645052514456,1,0.9333333333333333,59873.69706975501,4.002881684171485
85,0.23229198703073484,1,1.0,208367.00062710315,7.743066234357829
86,0.5870258511182567,1,0.9047619047619048,417691.8165489463,19.56752837060856
87,0.0,0,0.0,0.0,0.0
88,0.17793627132698336,2,1.0,127961.36179240078,5.931209044232778
89,0.3345529306123238,3,0.8571428571428571,390921.83531757817,11.151764353744126
90,0.055872212451138076,1,1.0,41569.399057023606,1.8624070817046023
91,0.399809181020643,2,0.9047619047619048,111240.55142359619,13.3269727006881
92,0.13472219279027786,2,0.9047619047619048,281217.2792098499,4.49073975967593
93,0.3291740067314172,1,0.8571428571428571,294608.1501146033,10.97246689104724
94,0.14653023554294872,1,1.0,82550.60522188355,4.884341184764958
95,0.0,0,0.0,0.0,0.0
96,0.17772563308294864,2,0.875,153031.5366049477,5.9241877694316205
97,0.2460953286231827,1,1.0,232987.21309812245,8.203177620772758
98,0.38527765208800013,2,0.5714285714285714,273940.12030245195,12.842588402933336
99,0.4343801548594712,2,0.9166666666666666,410290.26226527523,14.479338495315709
100,0.05672436407774513,1,0.6666666666666666,88590.9581330881,1.8908121359248378
101,0.18288589273478612,2,1.0,252395.65525581167,6.09619642449287
102,0.0,0,0.0,0.0,0.0
103,0.4468173746965588,3,0.8571428571428571,280346.35309497203,14.893912489885293
104,0.3999375196573056,3,0.9,301630.3944380829,13.331250655243517
105,0.7596694104549441,4,0.896551724137931,222796.0756589587,25.32231368183147
106,0.1977852993010327,1,0.0,208912.88606455267,6.592843310034424
107,0.0,0,0.0,0.0,0.0
108,0.15236600661514485,1,0.8,72452.63645469205,5.078866887171495
109,0.30331306637726524,3,0.8333333333333334,296214.0269416147,10.11043554590884
110,0.45392321215354203,1,1.0,368635.1586167369,15.130773738451401
111,0.2034996744184647,1,0.8333333333333334,193371.8652638662,6.783322480615491
112,0.2593505091568174,2,0.9523809523809523,90335.84941027797,8.645016971893913
113,0.45871242772060244,3,0.8095238095238095,236442.6927840431,15.290414257353415
114,0.27184713688408685,2,0.9545454545454546,228169.73099507584,9.061571229469562
115,0.22779265189333067,1,0.7894736842105263,140705.60001710546,7.5930883964443545
116,0.23383697452221727,2,1.0,317218.0484111998,7.794565817407243
117,0.1310728108246504,1,0.6,89190.00611273809,4.369093694155012
118,0.2018223190338569,1,0.5,122141.86231799072,6.727410634461896
119,0.0,0,0.0,0.0,0.0
120,0.0510732009192275,1,1.0,46500.808590152315,1.7024400306409166
121,0.13522469044476582,1,1.0,62036.05167689747,4.507489681492194
122,0.5208506586781362,2,1.0,354034.18669659144,17.36168862260454
123,0.06159181167160749,1,1.0,55772.849503620906,2.0530603890535826
124,0.054974951548104764,1,0.8333333333333334,15179.115281044347,1.8324983849368255
125,0.08887068310527355,2,0.9,40746.5457995201,2.9623561035091184
126,0.0,0,0.0,0.0,0.0
127,0.22263093101000114,2,0.9,288481.66604663536,7.421031033666704
128,0.3684397507464019,2,0.8571428571428571,112404.73095124721,12.281325024880063
129,0.6299260885095858,3,0.8627450980392157,319873.50083480787,20.99753628365286
130,0.3904713701843428,4,0.9565217391304348,312965.28966902755,13.015712339478094
131,0.2329214503196206,3,0.9583333333333334,196343.5939637288,7.764048343987355
132,0.24040525260287002,1,1.0,274183.7042545847,8.013508420095668
133,0.2862570725719602,2,0.8888888888888888,142092.31746378163,9.541902419065341
134,0.578690691833613,2,0.9117647058823529,491150.6301255872,19.2896897277871
135,0.2441344377761426,1,1.0,175264.6568828583,8.137814592538087
136,0.15218282419671536,2,1.0,197182.02219963452,5.072760806557178
137,0.5417718424783297,3,0.9666666666666667,293715.53886366193,18.05906141594432
138,0.2625790339002279,2,0.8421052631578947,253869.23153915978,8.752634463340929
139,0.44691062743148335,4,0.9230769230769231,355424.0209001468,14.897020914382777
140,0.0,0,0.0,0.0,0.0
141,0.5441179077545085,2,0.9090909090909091,432087.99817397026,18.13726359181695
142,0.2992373433945359,2,0.9545454545454546,485384.2832158283,9.974578113151198
143,0.3054049678570094,2,0.8,217821.43505370687,10.180165595233646
144,0.2546155380485924,2,0.9090909090909091,221668.61242592492,8.487184601619745
145,0.04355979894817007,1,0.8333333333333334,54864.67049931025,1.4519932982723356
146,0.5279331142519458,3,0.84375,455622.58985859883,17.597770475064863
147,0.21938745182697278,2,1.0,229045.22215181566,7.312915060899091
148,0.10613948939345852,1,0.5,46585.402237712784,3.5379829797819506
149,0.39292516579979697,2,0.9166666666666666,219509.7223973083,13.0975055266599
150,0.0,0,0.0,0.0,0.0
151,0.08314446248665117,1,1.0,32483.454842126623,2.7714820828883724
152,0.0,0,0.0,0.0,0.0
153,0.47472178276737353,2,0.8214285714285714,261615.12363231013,15.824059425579119
154,0.601425319322524,4,0.8863636363636364,634642.7284551795,20.04751064408413
155,0.2961075183197098,2,1.0,187477.54265042226,9.870250610656992
156,0.21612856250012738,1,0.5714285714285714,239533.6842183449,7.204285416670913
157,0.3688176531824481,3,1.0,567699.4571811823,12.293921772748268
158,0.0,0,0.0,0.0,0.0
159,0.24401010518939567,1,0.9230769230769231,126889.83750983472,8.133670172979855
160,0.0,0,0.0,0.0,0.0
161,0.2748044868506397,3,0.75,196658.68429462516,9.160149561687989
162,0.48092215272040434,2,0.9411764705882353,1132594.3961826921,16.030738424013478
163,0.42839150862750336,2,0.9,143724.1000141727,14.279716954250112
164,1.0627535617483452,4,0.813953488372093,376310.0297117567,35.42511872494484
165,0.23664995712349565,2,0.8333333333333334,84495.17060153603,7.888331904116522
166,0.0,0,0.0,0.0,0.0
167,0.0,0,0.0,0.0,0.0
168,0.45745107448127315,2,0.9411764705882353,94036.80695358102,15.24836914937577
169,0.44903662157796537,3,0.90625,286296.0786436391,14.96788738593218
170,0.0,0,0.0,0.0,0.0
171,0.2404034901096685,1,1.0,221888.1455710238,8.013449670322284
172,0.2322572812493496,1,1.0,463544.34969673696,7.74190937497832
173,0.4302818938063761,2,1.0,233121.1209907662,14.34272979354587
174,0.11553087683929321,1,1.0,36787.66868945025,3.85102922797644
175,0.46296227838003834,2,0.9,155228.21731573303,15.432075946001278
176,0.22402139818174038,2,0.9130434782608695,145788.38935683595,7.467379939391347
177,0.3193106344734735,1,0.8333333333333334,157838.99613255495,10.64368781578245
178,0.40861173294728886,2,0.8181818181818182,145773.4513202545,13.620391098242962
179,0.46343146736914587,2,0.7777777777777778,1099921.11550793,15.447715578971529
180,0.07553358456904481,1,1.0,41021.75314581033,2.5177861523014937
181,0.22741722904916298,2,0.8333333333333334,170626.56352167903,7.580574301638767
182,0.20947834292338421,1,1.0,178184.18844097425,6.982611430779475
183,0.20208775592829764,1,0.8636363636363636,116382.47234358854,6.736258530943255
184,0.0,0,0.0,0.0,0.0
185,0.4506484006762583,2,0.9230769230769231,252065.84339201127,15.021613355875276
186,0.04552734033215276,1,1.0,37069.86479493911,1.5175780110717587
187,0.6895099553234173,3,0.9285714285714286,1345339.9332300695,22.98366517744724
188,0.17475499145195594,2,0.9444444444444444,177008.35435194982,5.825166381731865
189,0.24974431142135695,2,1.0,194889.14740248743,8.324810380711899
190,0.09774786239027193,1,1.0,69784.7390126194,3.2582620796757307
191,0.44016083294336916,2,1.0,247853.7289154436,14.672027764778974
192,0.5023708862652557,4,0.8846153846153846,281548.6451702623,16.745696208841856
193,0.12126122552313688,1,1.0,84899.11817545355,4.042040850771229
194,0.0,0,0.0,0.0,0.0
195,0.26249040058210893,2,0.8666666666666667,583013.1515624954,8.749680019403632
196,0.0,0,0.0,0.0,0.0
197,0.15277257551223766,1,1.0,213484.8253396847,5.092419183741255
198,0.09048438867719309,1,1.0,38297.35085132374,3.0161462892397695
199,0.4266855581203071,2,0.9444444444444444,250127.63285302353,14.22285193734357
200,0.3354458509155854,3,0.896551724137931,210700.89080702874,11.181528363852848
201,0.36195301803768226,2,0.9,475038.49100715003,12.065100601256077
202,0.0,0,0.0,0.0,0.0
203,0.0,0,0.0,0.0,0.0
204,0.6664045388821379,3,0.9166666666666666,1703837.8502706198,22.213484629404594
205,0.5497138683265906,3,0.9347826086956522,265215.45037407184,18.323795610886357
206,0.0,0,0.0,0.0,0.0
207,0.06603813466359534,1,1.0,42295.83759492753,2.201271155453178
208,0.11697648954621086,1,0.6666666666666666,71056.5978808612,3.8992163182070287
209,0.6087497128182885,2,0.84,240728.10005599805,20.29165709394295
210,0.1376401649281236,1,1.0,166243.22778284308,4.58800549760412
211,0.37985052727893764,1,1.0,194988.38510210754,12.661684242631255
212,0.26448252857819826,2,0.7857142857142857,186541.4244728824,8.816084285939944
213,0.17153244805188558,2,0.85,446236.2157883273,5.717748268396185
214,0.31590629292619665,2,0.8,153479.93892491207,10.530209764206557
215,0.0,0,0.0,0.0,0.0
216,0.5813822688384931,3,0.9423076923076923,486072.3179418092,19.379408961283104
217,0.0,0,0.0,0.0,0.0
218,0.0,0,0.0,0.0,0.0
219,0.23023231567052876,2,0.8666666666666667,191216.461225746,7.674410522350959
220,0.10441158062444976,1,1.0,37113.50202108608,3.480386020814992
221,0.0,0,0.0,0.0,0.0
222,0.1596912844974646,1,1.0,183181.55555959736,5.323042816582153
223,0.07490415764342158,1,0.875,77203.24749056164,2.4968052547807194
224,0.3514882932672143,2,0.9090909090909091,265322.3193338888,11.716276442240478
225,0.0,0,0.0,0.0,0.0
226,0.41536162984305036,2,0.9705882352941176,300379.26205453306,13.845387661435012
227,0.4184273024323593,2,0.9090909090909091,684780.177612324,13.94757674774531
228,0.09748807293892664,1,1.0,94224.17302323798,3.2496024312975544
229,0.11806706429037479,1,0.7058823529411765,36809.623172926345,3.9355688096791597
230,0.44266527583686527,3,0.9111111111111111,244899.63682204927,14.755509194562174
231,0.0,0,0.0,0.0,0.0
232,0.2328334783878959,1,0.6666666666666666,302573.6595898554,7.761115946263198
233,0.3756081769127168,1,1.0,224630.31573380262,12.520272563757226
234,0.3774786615145892,3,0.9047619047619048,227100.79943681043,12.582622050486309
235,0.5931182020000076,3,0.9032258064516129,360298.2869927444,19.770606733333587
236,0.15873918958192484,1,0.75,133027.98433224525,5.291306319397495
237,0.24251524531130153,1,0.6666666666666666,127616.97767481372,8.083841510376716
238,0.5206736811501753,3,0.8666666666666667,649389.2066097544,17.35578937167251
239,0.14962619420469184,1,1.0,210799.87555240394,4.987539806823061
240,0.6368583347318881,3,0.8392857142857143,424790.0794315004,21.228611157729603
241,0.1726049791840766,1,1.0,140951.60229564822,5.753499306135887
242,0.1278469840798348,1,0.6666666666666666,166221.17730711962,4.261566135994493
243,0.2175237963314711,2,0.9047619047619048,126767.14814246986,7.250793211049037
244,0.14835178681222164,1,0.9333333333333333,117022.4580236878,4.945059560407388
245,0.22796084805437153,1,0.7857142857142857,76444.2996215255,7.598694935145718
246,0.07435471336377503,1,1.0,32795.999139606065,2.4784904454591676
247,0.19474204403236345,1,0.7647058823529411,181455.063078581,6.491401467745448
248,0.3698331375914205,3,0.8214285714285714,110504.31787319618,12.32777125304735
249,0.4801883646707101,3,0.7777777777777778,397563.06692862744,16.006278822357004
250,0.3899117031583552,3,0.8260869565217391,220358.3551628221,12.997056771945175
251,0.285003413618706,2,1.0,121381.79580536565,9.5001137872902
252,0.0,0,0.0,0.0,0.0
253,0.14787562479202573,1,0.9090909090909091,173925.83933828154,4.9291874930675235
254,0.2712128992719793,2,0.9565217391304348,187744.78160855186,9.040429975732643
255,0.6878502447480989,3,0.8484848484848485,841555.1738551501,22.928341491603295
256,0.154830219588623,2,0.8947368421052632,147174.7233052202,5.161007319620767
257,0.16186169236350825,1,0.9130434782608695,92690.51585880567,5.3953897454502755
258,0.40351681792575883,1,0.7647058823529411,359395.4694304947,13.450560597525293
259,0.5764347051468158,3,0.8947368421052632,623594.6336024576,19.214490171560527
260,0.12829453340217595,2,0.75,53688.37428957757,4.2764844467391985
261,0.44248306516421837,3,1.0,559102.6028731916,14.749435505473945
262,0.429838048350723,2,0.8666666666666667,493709.11158835585,14.327934945024095
263,0.22887435636853543,1,1.0,81449.99889483712,7.629145212284513
264,0.13292120757298528,1,1.0,99383.04731769532,4.430706919099509
265,0.06978718459825876,1,0.6666666666666666,45668.58579159012,2.3262394866086256
266,0.7924754225780262,2,0.8648648648648649,411276.26396949706,26.41584741926754
267,0.18369267716923793,1,0.9166666666666666,150834.82338182584,6.123089238974598
268,0.1421440258325438,1,0.8636363636363636,145902.2237378895,4.7381341944181266
269,0.046845732482457124,1,1.0,25987.39940699914,1.561524416081904
270,0.5744616696226792,3,0.8372093023255814,330325.3925397182,19.14872232075597
271,0.23828627507183667,1,0.8333333333333334,110670.0846781997,7.942875835727889
272,0.1604556699582926,1,1.0,170801.3621946959,5.348522331943086
273,0.2485066941004115,1,1.0,175479.7113419562,8.283556470013718
274,0.04196423814149515,1,1.0,21800.60990172364,1.3988079380498384
275,0.16628906248719347,1,0.8333333333333334,181072.06205707954,5.542968749573116
276,0.2849126166442087,2,0.88,195005.70862024464,9.497087221473622
277,0.35104997425685863,2,0.8333333333333334,198767.50626073038,11.701665808561955
278,0.41447401422011426,2,0.6666666666666666,279303.94837071514,13.815800474003808
279,0.32092286385008145,2,0.8571428571428571,291452.9636940295,10.697428795002715
280,0.3524376705812294,3,0.8095238095238095,515182.90934779425,11.747922352707645
281,0.6886687380842041,4,0.9210526315789473,587552.5891535004,22.9556246028068
282,0.2259688504018688,1,1.0,179693.88458106155,7.532295013395626
283,0.10102359428175746,1,1.0,47688.73225123544,3.367453142725249
284,0.0,0,0.0,0.0,0.0
285,0.0,0,0.0,0.0,0.0
286,0.0,0,0.0,0.0,0.0
287,0.41583722747156776,2,0.8461538461538461,305663.88329248794,13.861240915718925
288,0.5465751571176686,3,0.8837209302325582,618202.0208717904,18.219171903922284
289,0.3807775438512355,2,0.85,475072.94312498707,12.692584795041185
290,0.306452957990921,2,0.9545454545454546,381949.61849398795,10.215098599697365
291,0.0,0,0.0,0.0,0.0
292,0.3202158357911844,2,0.8461538461538461,144641.2619531765,10.67386119303948
293,0.36348746072154936,2,1.0,240226.40962733695,12.116248690718313
294,0.16701804346259688,1,1.0,262736.5650564864,5.567268115419896
295,0.26608386778616344,3,0.875,287747.6818022311,8.869462259538784
296,0.2283919900341225,1,1.0,142437.7409280997,7.61306633447075
297,0.24350180659653356,2,0.7777777777777778,156635.55289083667,8.116726886551119
298,0.20956371719446693,1,0.9166666666666666,147114.8742271199,6.985457239815564
299,0.0,0,0.0,0.0,0.0
300,0.22795461637845232,1,0.6666666666666666,178808.52935662016,7.598487212615078
301,0.8128768373718915,2,0.8333333333333334,999036.758511001,27.095894579063057
302,0.23596835427968302,1,1.0,68587.77729622267,7.865611809322767
303,0.22463593077757216,1,0.9,193916.61197456665,7.487864359252406
304,0.22663290054018334,1,1.0,356199.0260741047,7.554430018006111
305,0.8611041681008696,4,0.90625,264307.9228739136,28.70347227002899
306,0.0,0,0.0,0.0,0.0
307,0.5394193712544076,3,0.8529411764705882,536039.3549776665,17.980645708480253
308,0.0,0,0.0,0.0,0.0
309,0.2057660084032821,1,1.0,132281.11858188378,6.85886694677607
310,0.20913241627070964,2,0.8,126535.07467225696,6.971080542356988
311,0.18152175490922495,1,1.0,233344.1328903996,6.0507251636408315
312,0.5647733736942274,2,0.8214285714285714,421122.48975387507,18.82577912314091
313,0.1992153312117111,1,1.0,137373.95540540526,6.640511040390369
314,0.3726323151255561,2,0.9333333333333333,317777.3397766121,12.421077170851872
315,0.09474324715179584,1,1.0,85672.43906097347,3.1581082383931953
316,0.5857139249481339,3,0.92,464280.1605799593,19.52379749827113
317,0.670448093232053,3,0.85,287718.80312563234,22.348269774401764
318,0.0,0,0.0,0.0,0.0
319,0.4462127549362724,2,0.8571428571428571,144674.9693142437,14.873758497875745
320,0.7562457161257616,4,0.9,434706.3388083633,25.208190537525393
321,0.06377708735604572,1,0.8333333333333334,42025.334800954945,2.1259029118681907
322,0.11752522017531364,1,1.0,132550.20009919914,3.9175073391771216
323,0.305246899251432,2,0.8666666666666667,350878.8820264323,10.174896641714401
324,0.0,0,0.0,0.0,0.0
325,0.4470667869568992,2,0.875,153830.27708269528,14.90222623189664
326,0.22117186460082885,1,0.8421052631578947,163954.26641579758,7.372395486694295
327,0.48843064611564435,3,0.9333333333333333,175547.1463924501,16.281021537188145
328,0.3817189089524952,4,0.8947368421052632,449673.5871992854,12.723963631749841
329,0.2188275792692527,2,0.8888888888888888,368163.93206418265,7.294252642308423
330,0.38801595016473894,2,0.9090909090909091,335768.6864344126,12.933865005491295
331,0.13938334305540892,1,0.5,74955.3389648509,4.6461114351802975
332,0.27388647342880446,2,1.0,272547.91193556204,9.12954911429348
333,0.19044148769269081,1,0.9523809523809523,386206.2388443858,6.348049589756361
334,0.24369467428344452,2,0.8823529411764706,126419.17824591666,8.12315580944815
335,0.2764170421933519,3,0.9310344827586207,257939.37677033886,9.213901406445062
336,0.6041778223752204,2,0.9130434782608695,1911741.3938390664,20.13926074584068
337,0.38725665615186233,3,0.875,283577.51244799246,12.908555205062077
338,0.3634130760745263,3,0.9583333333333334,212465.51022426755,12.113769202484209
339,0.0,0,0.0,0.0,0.0
340,0.30593104050718367,2,0.9310344827586207,386983.5577752803,10.197701350239456
341,1.1495047770873326,3,0.8275862068965517,1278412.1925197418,38.316825902911084
342,0.202322160470748,2,1.0,234019.4199446,6.7440720156916
343,0.5210996759966312,2,0.8518518518518519,359211.7238110609,17.36998919988771
344,0.15463363478012745,2,0.75,214632.34603970931,5.154454492670915
345,0.27219622152065354,2,0.8823529411764706,139724.7707062188,9.073207384021785
346,0.6423298546071782,3,0.7804878048780488,671255.1140492698,21.410995153572607
347,0.1618506822868637,1,1.0,88315.68375570852,5.395022742895456
348,0.3376238696192579,1,0.8888888888888888,285210.81817128306,11.254128987308595
349,0.1852381993709037,1,1.0,43546.33012704632,6.174606645696789
350,0.2271811612466437,1,0.9166666666666666,84150.39568094985,7.572705374888124
351,0.19193484770288052,1,0.6666666666666666,325360.8296501194,6.3978282567626845
352,0.3766001833855315,2,0.7857142857142857,124291.65617462815,12.553339446184383
353,0.3438986307972171,3,0.8,183844.70750583033,11.46328769324057
354,0.13790108420952812,1,0.8235294117647058,91304.4083377622,4.596702806984271
355,0.26843834920415716,2,0.9,126826.95800205495,8.947944973471905
356,0.0,0,0.0,0.0,0.0
357,0.07127934449956619,1,0.6,55866.04097793648,2.3759781499855395
358,0.1975497512876875,1,0.8571428571428571,136945.89488668644,6.584991709589584
359,0.39084136394386704,2,0.8181818181818182,263022.57481286157,13.028045464795568
360,0.0,0,0.0,0.0,0.0
361,0.2853644231579449,2,0.8695652173913043,324189.09444460494,9.512147438598165
362,0.0,0,0.0,0.0,0.0
363,0.0,0,0.0,0.0,0.0
364,1.2814183677502702,3,0.8793103448275862,1057225.7205301377,42.71394559167568
365,0.16347099812553895,1,0.7142857142857143,106771.44101608326,5.449033270851299
366,0.08814375384278246,1,1.0,62359.830250295694,2.938125128092749
367,0.36242495425684473,1,0.84,287943.1443812344,12.08083180856149
368,0.12341293769431694,1,0.8235294117647058,97877.33749104688,4.1137645898105655
369,0.2588056595147866,2,0.8888888888888888,255913.27908646452,8.626855317159553
370,0.5749713668557431,3,0.9047619047619048,163734.490522117,19.165712228524768
371,0.044690644693251826,1,0.9230769230769231,47961.36167857929,1.4896881564417277
372,0.11621690805031942,1,1.0,99003.4247909768,3.873896935010648
373,0.8068732779622018,3,0.9166666666666666,513107.0005905649,26.895775932073395
374,0.09773328179958549,1,1.0,118521.96590733613,3.257776059986183
375,0.2106431762917205,1,1.0,130422.59831780009,7.021439209724018
376,0.21790077012651526,1,1.0,166282.1172716766,7.263359004217175
377,0.338597296038558,1,0.6470588235294118,140621.2396498141,11.286576534618598
378,0.38909103718566806,2,1.0,179581.23842818683,12.96970123952227
379,0.2730321927659759,1,0.9090909090909091,142523.2192344653,9.101073092199197
380,0.0,0,0.0,0.0,0.0
381,0.34532251453138685,2,1.0,175879.6095478461,11.510750484379564
382,0.2336930561357628,1,0.9375,172945.35565500203,7.789768537858759
383,0.6098430073928819,2,0.9117647058823529,218724.16547018194,20.328100246429397
384,0.0,0,0.0,0.0,0.0
385,0.5705555182734301,3,0.9259259259259259,551909.3116767412,19.018517275781
386,0.4334398546160888,2,0.9166666666666666,455143.8075824435,14.447995153869627
387,0.1368622603954685,1,0.75,89471.73536574101,4.562075346515617
388,0.5118980495796159,2,1.0,157754.9954855611,17.063268319320528
389,0.3277118565801395,2,0.84,242361.06560898188,10.923728552671315
390,0.23839049955427602,2,0.8461538461538461,194499.7304945452,7.946349985142534
391,0.06968543885322964,1,0.8333333333333334,30635.01939502369,2.3228479617743214
392,0.09324260586287182,1,0.6666666666666666,41264.43736820694,3.1080868620957274
393,0.49576456539494906,3,0.9361702127659575,263700.3491341631,16.52548551316497
394,0.711762923999434,2,0.9024390243902439,338942.42938405595,23.725430799981133
395,0.32744778434405986,2,0.9166666666666666,298636.3333687954,10.914926144801996
396,0.26184263624976345,2,0.8571428571428571,343853.7728137024,8.728087874992116
397,0.16310845975249935,1,0.8666666666666667,82501.42984979454,5.436948658416645
398,0.09187422041581625,1,1.0,117275.56573221594,3.062474013860541
399,0.0,0,0.0,0.0,0.0
400,0.0,0,0.0,0.0,0.0
401,0.08973630762627474,1,0.6666666666666666,86453.84178694861,2.9912102542091583
402,0.23686442789764492,1,1.0,96141.47104783941,7.895480929921497
403,0.8095365261148573,3,0.8888888888888888,558764.7046573479,26.984550870495244
404,0.22930826286873307,2,0.7777777777777778,125300.9116642453,7.643608762291103
405,0.4102870603972809,2,0.8,389796.0018716069,13.676235346576032
406,0.0,0,0.0,0.0,0.0
407,0.10992811743408658,1,1.0,110245.8605790182,3.664270581136219
408,0.10830824513911738,1,0.9166666666666666,30577.889283946006,3.610274837970579
409,0.1788190167351498,3,0.96875,149472.5824434467,5.96063389117166
410,0.11363055276191862,1,0.9090909090909091,67544.365039709,3.787685092063955
411,0.2704522360402679,2,0.8461538461538461,112067.56591933145,9.015074534675598
412,0.37197717153433085,3,0.8275862068965517,496460.31700692687,12.39923905114436
413,0.0,0,0.0,0.0,0.0
414,0.289909896828849,2,1.0,484823.4309642091,9.6636632276283
415,0.1940043978902596,1,1.0,65856.83320579908,6.466813263008654
416,0.25938803750177714,2,0.7894736842105263,70257.14485675443,8.646267916725902
417,0.14940018502361052,1,1.0,113439.5246343184,4.980006167453684
418,0.2633733021883846,2,0.9047619047619048,86918.0004967477,8.779110072946153
419,0.42467366278447244,2,0.7777777777777778,302084.7671311052,14.155788759482416
420,0.24150738235912964,1,0.9166666666666666,100498.1933667912,8.050246078637654
421,0.6569924447528969,2,0.9090909090909091,489589.35494645475,21.899748158429897
422,0.2790970505780255,2,0.9230769230769231,639457.6752393569,9.303235019267516
423,0.19015703224220504,1,0.8461538461538461,104952.89666468304,6.338567741406835
424,0.37613341781628,2,0.8181818181818182,385058.14360540814,12.537780593875999
425,0.4264406453127986,2,1.0,179391.77710567194,14.214688177093288
426,0.37284579968556425,2,0.8913043478260869,145532.92238671187,12.42819332285214
427,0.0,0,0.0,0.0,0.0
428,0.04542456448013427,1,0.8,39177.38295686969,1.514152149337809
429,0.0,0,0.0,0.0,0.0
430,0.2917220580844705,2,0.6666666666666666,168326.2367479788,9.724068602815684
431,0.04175214363316143,1,0.9166666666666666,21107.22581002157,1.391738121105381
432,0.19012529318716523,1,0.8421052631578947,125160.8244728668,6.337509772905508
433,0.2464339015291167,2,0.9090909090909091,105446.3131412915,8.21446338430389
434,0.42667087386642555,3,0.875,527609.6988110183,14.222362462214184
435,0.44132259057381557,2,0.9,313142.61269456585,14.710753019127184
436,0.45453423836986556,1,0.8095238095238095,235912.9349361395,15.151141278995519
437,0.08305221930857065,1,0.8333333333333334,35033.64265566699,2.768407310285688
438,0.09791117434488791,1,0.8888888888888888,90679.88980213217,3.263705811496264
439,0.0,0,0.0,0.0,0.0
440,0.20332851037817543,1,0.6666666666666666,168320.30638657685,6.777617012605848
441,0.0,0,0.0,0.0,0.0
442,0.7020934742203647,4,0.9444444444444444,453384.79666784464,23.40311580734549
443,0.5140091154442428,3,0.8709677419354839,510094.5008542466,17.13363718147476
444,0.09688227461261406,1,1.0,37618.83653286628,3.2294091537538017
445,0.2611508586904031,1,0.8333333333333334,131621.6004212083,8.705028623013437
446,0.376343533067495,3,0.75,432044.0344493314,12.544784435583168
447,0.16540429602987608,1,0.9,82385.71274043934,5.513476534329203
448,0.0,0,0.0,0.0,0.0
449,0.19270426657412937,1,0.8181818181818182,129839.49938758838,6.423475552470979
450,0.0,0,0.0,0.0,0.0
451,0.5625687479916874,3,0.9565217391304348,627178.5017794354,18.752291599722916
452,0.521409893874449,3,0.8125,333484.57568852114,17.380329795814966
453,0.27972120608750867,2,0.8823529411764706,481935.51434729336,9.324040202916956
454,0.0,0,0.0,0.0,0.0
455,0.0,0,0.0,0.0,0.0
456,0.09404794837238822,1,1.0,97453.30696024555,3.134931612412941
457,0.0853943421468744,1,0.6666666666666666,39617.29435968383,2.8464780715624802
458,0.1740856703828376,2,0.9375,157821.77008848093,5.802855679427919
459,0.3705052449525701,2,0.8846153846153846,313203.1718002102,12.350174831752337
460,0.07096944567368058,1,1.0,50525.13944288309,2.3656481891226857
461,0.1409625950646959,1,0.9523809523809523,194175.2901311921,4.698753168823197
462,0.523267987889731,4,0.926829268292683,207233.20641243987,17.44226626299103
463,0.42747977605713805,1,0.8611111111111112,227041.66248819535,14.249325868571267
464,0.24838373226273378,1,0.6666666666666666,148667.18858345173,8.279457742091125
465,0.23339007683383498,1,0.9047619047619048,112264.8630900788,7.779669227794499
466,0.4847563159714028,2,0.925,634761.5199199008,16.158543865713426
467,0.05435671393156814,1,0.9375,22797.109734609458,1.8118904643856046
468,0.42662345690452796,2,0.8928571428571429,205679.29662341642,14.2207818968176
469,0.9252892697706543,4,0.8333333333333334,725246.6347269376,30.842975659021803
470,0.20769744907817186,1,1.0,134264.3339267538,6.923248302605728
471,0.35447237605696436,2,0.9166666666666666,184614.0437623025,11.815745868565477
472,0.0,0,0.0,0.0,0.0
473,0.2728132157804056,2,0.9166666666666666,256552.03283310757,9.093773859346854
474,0.32631701285933956,3,0.8571428571428571,309722.226782528,10.877233761977985
475,0.35087534437670864,2,1.0,149518.8558515036,11.695844812556956
476,0.12764478242700153,2,0.8666666666666667,71017.19869490975,4.254826080900051
477,0.20579575022343088,2,1.0,144508.72321323535,6.85985834078103
478,0.06328639763223765,1,0.9166666666666666,69916.61059747374,2.109546587741255
479,0.36280981671702944,2,1.0,239778.12366449216,12.093660557234315
480,0.3450601106411007,1,0.8461538461538461,129844.21787293002,11.50200368803669
481,0.0479208803577784,1,1.0,60421.604970241,1.5973626785926134
482,0.5742928910694058,3,0.8571428571428571,979930.0567460712,19.143096368980196
483,0.49492144583109626,2,0.9523809523809523,263154.80472020636,16.497381527703205
484,0.15832533006393942,2,0.8888888888888888,62552.07707748021,5.277511002131314
485,0.41062210052212167,3,0.7777777777777778,617780.2631537751,13.68740335073739
486,0.6062673889675271,2,1.0,577941.1456268132,20.208912965584233
487,0.41661123912779896,1,0.96,352790.95240615704,13.887041304259965
488,0.12913966078797315,1,0.6666666666666666,86579.45613324444,4.3046553595991055
489,0.5545087199989297,2,0.9,602872.5908115071,18.483623999964323
490,0.09810608817643149,1,0.6,63493.26826779011,3.270202939214383
491,0.08997075289226009,1,0.8888888888888888,73641.75277709332,2.9990250964086695
492,0.22420721156953208,2,0.9722222222222222,124542.37172230158,7.473573718984403
493,0.45293212839653796,1,1.0,304335.22138638236,15.097737613217932
494,0.0,0,0.0,0.0,0.0
495,0.8917474768051152,2,0.9230769230769231,411098.56270112866,29.724915893503844
496,0.5148284113287536,2,0.918918918918919,245829.2088337344,17.160947044291785
497,0.2030955004545741,1,0.7777777777777778,163271.55051195202,6.769850015152472
498,0.20111092311136333,1,0.9090909090909091,334888.9088337292,6.703697437045444
499,0.10620110711310488,1,0.9473684210526315,35584.22665151148,3.540036903770162
500,0.15441417830354673,1,1.0,181141.23907479463,5.147139276784891
501,0.3570156877317678,1,0.75,196042.40093792172,11.90052292439226
502,0.24103656597550377,2,0.75,171461.20403647315,8.034552199183459
503,0.07906255426965637,1,1.0,48737.98603546498,2.6354184756552126
504,0.11455451962968301,1,0.8333333333333334,75592.31648327122,3.8184839876561
505,0.42569692057059083,3,0.7777777777777778,403332.0125731871,14.189897352353029
506,0.5997633563104992,3,0.9333333333333333,516204.8321610417,19.99211187701664
507,0.3348683727633717,1,0.5,179794.6186890286,11.162279092112392
508,0.5330949557154597,3,0.8461538461538461,243357.7250316723,17.769831857181988
509,0.46737217788639507,3,0.9,325342.1592802362,15.57907259621317
510,0.139125502507779,1,1.0,152905.41199923708,4.637516750259301
511,0.04336380170713232,1,1.0,36267.11027783126,1.4454600569044105
512,0.520732839849769,2,0.9,287362.5866608894,17.357761328325633
513,0.22657551216930896,1,1.0,128954.0471573498,7.5525170723103
514,0.5982447068713856,3,0.7142857142857143,357444.7683561765,19.941490229046185
515,0.06505022333158096,1,1.0,26039.04942221251,2.1683407777193655
516,0.0,0,0.0,0.0,0.0
517,0.0,0,0.0,0.0,0.0
518,0.0,0,0.0,0.0,0.0
519,0.5022872499172298,2,0.8333333333333334,562130.1219914327,16.742908330574323
520,0.2397775670440265,2,0.5,100935.57928273361,7.992585568134218
521,0.19173394093303334,1,1.0,96215.75190797882,6.391131364434445
522,0.4391508611249748,2,0.9,534198.6692598079,14.638362037499158
523,0.344900819900317,2,0.8292682926829268,423356.78033452196,11.496693996677232
524,0.619440446320348,3,0.9433962264150944,460221.55509257293,20.648014877344934
525,0.0,0,0.0,0.0,0.0
526,0.19123687992136867,1,1.0,204392.3232767383,6.374562664045623
527,0.19269614284937117,2,0.9565217391304348,71088.95608126943,6.423204761645705
528,0.19309657625370963,1,1.0,61869.08638322248,6.436552541790322
529,0.12468792266749588,1,0.9047619047619048,72372.87179971188,4.15626408891653
530,0.0,0,0.0,0.0,0.0
531,0.46059039458844586,3,0.9,548912.5598871533,15.353013152948192
532,0.43501155524365603,2,0.8333333333333334,926707.3992467783,14.500385174788534
533,0.1200807370280157,1,0.8333333333333334,76649.21195428744,4.00269123426719
534,0.6374146655074214,2,0.8461538461538461,261039.1000611831,21.247155516914045
535,0.05339062252317517,1,0.9375,36069.30067686674,1.7796874174391721
536,0.37113823154110026,3,1.0,427611.9660556093,12.371274384703343
537,0.302526587970592,3,0.8518518518518519,74813.52932955351,10.084219599019734
538,0.27104522387662583,2,1.0,429694.8921153456,9.034840795887527
539,0.14559396328005714,1,0.8571428571428571,64276.85764037155,4.853132109335237
540,0.14971639388875263,1,0.7692307692307693,112300.16391552462,4.990546462958421
541,0.20844387300193973,2,0.8333333333333334,373666.1340860956,6.948129100064658
542,0.10662034308437959,1,1.0,79865.49894151183,3.554011436145986
543,0.2515729353798378,2,0.8048780487804879,209873.61055164115,8.385764512661261
544,0.0,0,0.0,0.0,0.0
545,0.6209079700678682,3,0.8627450980392157,392214.48916864116,20.69693233559561
546,0.24684319005466082,2,0.8571428571428571,110659.4916967134,8.22810633515536
547,0.0,0,0.0,0.0,0.0
548,0.27142350383392105,1,1.0,105496.33662578616,9.047450127797369
549,0.44197343527295246,2,0.8333333333333334,471111.8408768269,14.73244784243175
550,1.1037432877396425,5,0.9382716049382716,670800.0445397751,36.79144292465475
551,0.6304432478069794,2,0.8387096774193549,525741.8695362251,21.014774926899307
552,0.07924739082660684,1,1.0,159689.77715026226,2.6415796942202285
553,0.3876023488063169,1,0.8666666666666667,306475.1004152384,12.920078293543893
554,0.30537891857498334,4,0.8,218417.01884865348,10.17929728583278
555,0.33644681843392993,2,0.9545454545454546,152410.84771364648,11.214893947797664
556,0.2133292477410553,1,1.0,186266.08907952227,7.110974924701842
557,0.11060147660287382,1,1.0,61150.08455838281,3.6867158867624603
558,0.29333595776117216,2,0.9473684210526315,241338.84139667216,9.77786525870574
559,0.46315755607224113,3,0.8,201178.40456234687,15.438585202408037
560,0.6737876253193317,3,0.9411764705882353,445684.6093948833,22.45958751064439
561,0.07836539843809585,1,0.6666666666666666,107692.05897117514,2.6121799479365286
562,0.9350776723648557,4,0.8809523809523809,882654.8819116473,31.169255745495196
563,0.15794461627671144,1,0.8571428571428571,100702.8885400789,5.2648205425570485
564,0.0,0,0.0,0.0,0.0
565,0.7600307651621248,4,0.8301886792452831,1003585.3984104275,25.334358838737494
566,0.24551968013995637,1,1.0,167546.6129215693,8.183989337998545
567,0.169231518508416,1,0.9166666666666666,77386.54055867196,5.6410506169472
568,0.30748454436739164,2,0.8571428571428571,401480.10792011017,10.249484812246388
569,0.233997324758242,2,0.75,137506.66686204923,7.799910825274734
570,0.17187905295168834,1,0.8333333333333334,110394.41694320158,5.729301765056278
571,0.3923769439364254,2,0.8421052631578947,209362.7020084652,13.079231464547513
572,0.2769798052029061,2,0.9230769230769231,154743.3694810847,9.232660173430203
573,0.5683989572405932,4,0.825,369758.51688027644,18.94663190801977
574,0.508543374810539,2,0.9259259259259259,561479.4727915389,16.951445827017967
575,0.4929935323340346,2,0.9333333333333333,293015.99174533825,16.433117744467822
576,1.0003622638315186,4,0.9215686274509803,539889.7989123117,33.34540879438395
577,0.2431218787558411,1,1.0,335878.1258473636,8.104062625194704
578,0.4740989139881641,4,0.9183673469387755,332328.3942241963,15.803297132938802
579,0.4070456413122422,3,0.8979591836734694,383276.2555494354,13.568188043741406
580,0.21783881252396223,1,1.0,159586.20876896678,7.261293750798742
581,0.6156445987832616,2,0.8947368421052632,531503.400414487,20.52148662610872
582,0.0,0,0.0,0.0,0.0
583,0.1743859730946999,2,0.875,181884.02691815962,5.81286576982333
584,0.19572988643876724,1,0.8333333333333334,117634.27948882524,6.524329547958908
585,0.7444201697168586,2,0.8484848484848485,772130.864509755,24.81400565722862
586,0.21001618077096365,1,1.0,156273.35546461729,7.000539359032122
587,0.35863882188507745,2,0.7391304347826086,249660.04649914513,11.954627396169247
588,0.6682350516176019,4,0.7,548185.558917676,22.274501720586727
589,0.12141517314164776,1,1.0,95909.28105088254,4.047172438054926
590,0.3244444407066871,2,0.8333333333333334,94301.22656370589,10.814814690222905
591,0.4841241811047177,2,0.875,541660.3296732495,16.13747270349059
592,0.5163848670823901,3,0.8979591836734694,830798.7394416233,17.212828902746335
593,0.0,0,0.0,0.0,0.0
594,0.21581449629290725,1,1.0,223067.68388050582,7.19381654309691
595,0.09072321187726605,1,0.9166666666666666,41646.19184168093,3.0241070625755353
596,0.15689055288187853,2,1.0,82528.34591754027,5.2296850960626164
597,0.09440669281033696,1,1.0,101523.48481613807,3.146889760344565
598,0.40623524011696305,1,0.8461538461538461,143861.6663386547,13.541174670565436
599,0.22752333660230858,1,0.7,77037.22267487795,7.584111220076953
600,0.3663251676596139,1,0.9166666666666666,469855.4477765604,12.210838921987131
601,0.0,0,0.0,0.0,0.0
602,0.10847901771694225,1,1.0,58297.7772614293,3.615967257231408
603,0.13169066125746745,2,0.9090909090909091,159010.7142682562,4.389688708582249
604,0.0,0,0.0,0.0,0.0
605,0.4223404875157615,2,0.7333333333333333,636186.62177566,14.078016250525383
606,0.4538435927647541,3,0.8181818181818182,180580.61448521982,15.128119758825138
607,0.430562322946655,3,0.9354838709677419,242974.77907065046,14.352077431555166
608,0.6426329039223548,2,1.0,695259.4410942744,21.42109679741183
609,0.5815709156470698,1,0.9310344827586207,268018.24631132954,19.385697188235657
610,0.3639687563316092,3,1.0,236006.09578112658,12.132291877720307
611,0.20245947259963218,1,1.0,111808.60856198287,6.748649086654407
612,0.18196886780092394,2,0.9333333333333333,235407.78387066282,6.065628926697466
613,0.35973355222796555,3,0.8636363636363636,368288.6214432707,11.991118407598853
614,0.29015710217492957,2,1.0,261291.05795918574,9.671903405830985
615,0.2474072094066805,2,0.8888888888888888,337471.530448097,8.246906980222684
616,0.12373838847720513,1,1.0,87439.8093103936,4.124612949240171
617,0.3745581855864342,4,0.868421052631579,245201.93058894432,12.48527285288114
618,0.4528469619226061,3,0.8888888888888888,244661.93198191156,15.094898730753536
619,0.2930507589527661,2,0.8888888888888888,355566.73582299636,9.768358631758872
620,0.12676820601714026,1,0.3333333333333333,94849.15585413002,4.225606867238009
621,0.3423532883506137,2,0.8620689655172413,493474.8783969886,11.411776278353788
622,0.09471027693652206,1,1.0,27400.59265137744,3.1570092312174016
623,0.14459226394494443,1,1.0,199434.13309037453,4.819742131498147
624,0.42449437704513704,1,0.9130434782608695,613287.9727876021,14.149812568171233
625,0.3141492641698462,2,0.7727272727272727,184408.94569543438,10.471642138994874
626,0.30172031229908186,2,0.8333333333333334,200670.40829138074,10.057343743302729
627,0.27638392595797656,1,0.8333333333333334,97988.76389264278,9.212797531932551
628,0.4917576670882832,2,0.88,152271.1851895513,16.39192223627611
629,0.3841149403836904,3,0.875,508466.6227673575,12.803831346123012
630,0.0,0,0.0,0.0,0.0
631,0.2271073200645436,1,0.9166666666666666,93451.71815316704,7.570244002151452
632,0.0,0,0.0,0.0,0.0
633,0.0,0,0.0,0.0,0.0
634,0.4435226634087418,2,0.8333333333333334,304121.70237997914,14.784088780291397
635,0.0,0,0.0,0.0,0.0
636,0.24291551969947134,1,1.0,80824.21082145511,8.097183989982378
637,0.0,0,0.0,0.0,0.0
638,0.5988424085650341,2,0.8888888888888888,944638.0940725366,19.961413618834474
639,0.5919985441822205,3,0.8333333333333334,172840.8796563731,19.73328480607402
640,0.7187959546641881,2,0.9393939393939394,274855.69156512717,23.959865155472936
641,0.37449367028817404,2,0.88,100015.09130811862,12.483122342939135
642,0.0,0,0.0,0.0,0.0
643,0.3793903200437974,3,0.896551724137931,173628.59427346685,12.646344001459914
644,0.0,0,0.0,0.0,0.0
645,0.6187017718959286,2,0.9655172413793104,437881.0610989878,20.623392396530953
646,0.23980179019170356,2,0.8666666666666667,196014.74392987313,7.993393006390119
647,0.1566734116333021,1,0.875,83617.81813710056,5.2224470544434025
648,0.266115357968476,2,0.9259259259259259,225140.67703895734,8.870511932282534
649,0.7705346621315923,2,0.8867924528301887,462043.0614187994,25.68448873771974
650,0.7962096028042926,4,0.9074074074074074,363062.9293355624,26.54032009347642
651,0.17083991826629888,1,0.9411764705882353,46885.910774419244,5.694663942209964
652,0.24749774933260746,2,0.9333333333333333,676919.9782328604,8.249924977753583
653,0.21558301928748758,1,1.0,224479.33465915063,7.186100642916253
654,0.21736090726915364,1,1.0,283704.544669712,7.245363575638455
655,0.5412940895981964,3,0.9545454545454546,368718.3896315699,18.04313631993988
656,0.21438536933483401,2,0.9,77080.31793682478,7.146178977827801
657,0.18966409321631209,1,1.0,78532.33949003625,6.322136440543735
658,0.2780959575143593,2,0.9166666666666666,311092.9668607805,9.269865250478643
659,0.17426473094793687,1,1.0,383693.1701079988,5.80882436493123
660,0.14796165293300084,1,0.6666666666666666,81631.05320087988,4.932055097766695
661,0.2452108857166575,2,0.8666666666666667,134788.65334585094,8.173696190555251
662,0.22930344807674993,1,0.9166666666666666,236746.56249459638,7.643448269224998
663,0.0,0,0.0,0.0,0.0
664,0.4560634108962519,3,0.8421052631578947,438903.4945439556,15.20211369654173
665,0.16034488666343036,2,1.0,76447.36494829395,5.344829555447679
666,0.34885051012919444,3,0.9032258064516129,178832.64905300055,11.628350337639814
667,0.30274294484247155,2,0.9615384615384616,229447.39032074972,10.091431494749052
668,0.806047391941217,3,0.972972972972973,224692.16234635634,26.86824639804056
669,0.4085765223170699,2,0.8936170212765957,607642.0196506517,13.619217410568996
670,0.2643743982762213,2,0.7777777777777778,85028.15470030191,8.812479942540708
671,0.565214565713442,3,0.9259259259259259,628327.2356234048,18.840485523781403
672,0.5034495036303208,3,0.9411764705882353,372656.09327887255,16.781650121010692
673,0.1627304676453951,1,0.6666666666666666,55858.81412000274,5.42434892151317
674,0.0,0,0.0,0.0,0.0
675,0.0,0,0.0,0.0,0.0
676,0.23448840122129658,1,0.8333333333333334,414493.7132946706,7.816280040709886
677,0.3188522838954009,2,0.96,131821.3199299224,10.628409463180029
678,0.612100560410407,3,0.9696969696969697,571450.7084880635,20.40335201368023
679,0.14827884085849957,2,0.9166666666666666,119299.9750824068,4.942628028616653
680,0.6730601405644877,3,0.8055555555555556,341679.85899100814,22.43533801881626
681,0.15462591431652395,1,1.0,79993.83229524593,5.154197143884131
682,0.6463491981428082,4,0.9814814814814815,614549.3436367508,21.544973271426944
683,0.4189176036107946,3,0.96,468514.49265145784,13.963920120359822
684,0.5403131678774813,3,0.8913043478260869,252729.57248559277,18.01043892924938
685,0.1448873318547801,1,1.0,114183.05646180752,4.829577728492669
686,0.23006934323594586,1,0.6666666666666666,188492.36689424023,7.668978107864861
687,0.14485176200410577,2,0.8571428571428571,92942.08383645817,4.828392066803525
688,0.28624660840668376,2,1.0,297463.04111315275,9.541553613556125
689,0.0,0,0.0,0.0,0.0
690,0.4324402518554111,3,0.8611111111111112,232495.7033629067,14.414675061847035
691,0.7153792687382768,3,0.6666666666666666,627071.0332729963,23.84597562460923
692,0.3463243648142429,2,0.8571428571428571,763061.9211204422,11.544145493808099
693,0.0,0,0.0,0.0,0.0
694,0.0902025441829248,1,1.0,31522.8504421043,3.0067514727641598
695,0.16223291887296623,1,1.0,90410.3784300319,5.407763962432209
696,0.27307937693453976,1,1.0,363841.92950715625,9.102645897817993
697,0.13707684696950279,2,0.9375,134429.69642130268,4.5692282323167595
698,0.31902305298531153,2,0.96,320505.6058084379,10.63410176617705
699,0.14971146492402793,1,1.0,150588.21738269247,4.990382164134264
700,0.6267728347155755,2,0.8214285714285714,482571.7462531065,20.892427823852522
701,0.0,0,0.0,0.0,0.0
702,0.42526919632203314,1,0.8125,127765.22563402409,14.175639877401103
703,0.2383868832595107,1,1.0,152778.78843395773,7.94622944198369
704,0.1737605225638999,1,0.9166666666666666,184299.8391614463,5.792017418796663
705,0.0,0,0.0,0.0,0.0
706,0.0,0,0.0,0.0,0.0
707,0.0,0,0.0,0.0,0.0
708,0.24724929045414515,1,0.6666666666666666,248694.14560768878,8.241643015138173
709,0.08734702116512084,1,0.9047619047619048,102484.51870048493,2.9115673721706954
710,0.19418716037972747,1,0.9090909090909091,75088.31786070298,6.472905345990916
711,0.2483327102114273,1,0.8888888888888888,292510.36355318205,8.277757007047578
712,0.12397423445587344,1,0.8888888888888888,97138.78036245734,4.132474481862448
713,0.4284001048446904,2,0.875,243112.39758811245,14.28000349482301
714,0.43340437057665354,2,0.9285714285714286,363981.14402552997,14.446812352555119
715,0.0,0,0.0,0.0,0.0
716,0.16534428738475215,1,0.6666666666666666,128154.3498563702,5.511476246158406
717,0.0,0,0.0,0.0,0.0
718,1.0362778415451508,4,0.8727272727272727,1553005.013677105,34.542594718171685
719,0.28551819891135866,1,0.8,170051.89798469297,9.517273297045287
720,0.5242804133743925,2,0.9574468085106383,458544.5193358663,17.476013779146417
721,0.4658486519758149,2,0.8333333333333334,429390.9315252262,15.52828839919383
722,0.0,0,0.0,0.0,0.0
723,0.08033417999071525,1,0.9130434782608695,50607.60563569094,2.677805999690508
724,0.2273424093172361,2,0.8333333333333334,139202.4881327682,7.578080310574538
725,0.18853548620983457,1,0.9565217391304348,61755.66170970876,6.2845162069944855
726,0.15585834687121217,1,0.6666666666666666,114122.7485954976,5.195278229040405
727,0.10849258625452088,1,0.8,214408.06447243562,3.616419541817363
728,0.4106425084130744,3,0.7,449386.4866872678,13.68808361376915
729,0.09215204405286229,1,1.0,21909.16411047486,3.0717348017620765
730,1.1009106324150821,4,0.9642857142857143,715451.9736818844,36.697021080502736
731,0.0,0,0.0,0.0,0.0
732,0.36564096838524635,3,0.9090909090909091,303083.18728090986,12.188032279508212
733,0.17388150080818252,1,0.9444444444444444,58728.419011609876,5.796050026939417
734,0.5297526031066155,3,0.8947368421052632,252292.82431799802,17.658420103553855
735,0.08563298546012821,1,1.0,58969.581057509626,2.8544328486709403
736,0.2858138089367727,2,0.9375,294304.7055328076,9.52712696455909
737,0.6324112357728174,3,0.9259259259259259,510307.73145005916,21.080374525760583
738,0.3461678405237315,2,1.0,212680.45377141784,11.53892801745772
739,0.3451490168968371,1,0.8235294117647058,337854.90861210064,11.504967229894572
740,0.04477297169891831,1,0.6666666666666666,22718.170116529644,1.4924323899639436
741,0.20901230659978162,1,1.0,110833.16516676395,6.967076886659387
742,0.12017075128082724,1,1.0,246699.41324748338,4.005691709360908
743,0.21461719714499033,2,1.0,105557.51216230603,7.153906571499678
744,0.44254247213314746,3,1.0,229808.42216626354,14.75141573777158
745,0.18323083807011573,1,0.8260869565217391,148992.92450331312,6.107694602337191
746,1.0759479152251665,5,0.8387096774193549,1143411.9474357096,35.86493050750555
747,0.18208812383199868,1,1.0,48853.936064099966,6.069604127733289
748,0.20333795384171766,1,0.9565217391304348,102434.6387405756,6.777931794723921
749,0.36396128425276053,3,1.0,263375.33018146956,12.132042808425352
750,0.2161994677813207,1,0.3333333333333333,126732.60303209178,7.206648926044023
751,0.4648361986781606,2,0.9523809523809523,154617.96900814073,15.494539955938686
752,0.27309560251177895,1,1.0,440462.05703671766,9.103186750392632
753,0.13181145120857488,2,0.9333333333333333,86160.20377749059,4.39371504028583
754,0.6461455697562887,3,0.8333333333333334,387600.51189286006,21.53818565854295
755,0.640972277573338,3,0.7142857142857143,299578.23984198214,21.365742585777934
756,0.16847682511027456,1,1.0,60681.532995309564,5.615894170342486
757,0.7075411033570158,3,0.9230769230769231,481402.5248411228,23.58470344523386
758,0.19661183644842617,1,1.0,221482.8198763504,6.553727881614205
759,0.1617841590463764,1,0.8333333333333334,47768.45073491126,5.392805301545881
760,0.40524375363524756,2,1.0,468903.4633970591,13.508125121174919
761,0.44474457582911403,2,0.8571428571428571,221658.85712396057,14.824819194303801
762,0.0,0,0.0,0.0,0.0
763,0.17006139848558008,1,1.0,164204.06251947721,5.66871328285267
764,0.7672556781911981,3,0.896551724137931,848962.0754342326,25.575189273039932
765,0.13643961351413392,1,1.0,203393.83109994914,4.547987117137796
766,0.0,0,0.0,0.0,0.0
767,0.16048946416849189,1,1.0,146610.10482407693,5.349648805616396
768,0.2158458967934795,1,0.7777777777777778,214688.00837381484,7.194863226449318
769,0.3309335227118209,1,0.8666666666666667,259127.82138223268,11.031117423727364
770,0.43919572385982614,3,0.896551724137931,206567.32735264522,14.639857461994204
771,0.21862588645150138,1,0.8,131545.71117716937,7.28752954838338
772,0.3037657733393849,2,1.0,244860.43457044585,10.125525777979497
773,0.2551750177843589,1,0.9047619047619048,152510.4484592734,8.505833926145298
774,0.5014911024005914,3,1.0,421084.21872813645,16.716370080019715
775,0.49806159237152675,2,0.875,326578.06352671515,16.602053079050886
776,0.09605558331152693,1,0.6666666666666666,102656.97993856699,3.2018527770508975
777,0.6817979842049251,5,0.84375,401237.53097902524,22.7265994734975
778,0.4752978429001374,4,0.8285714285714286,331355.9719108604,15.84326143000458
779,0.2609837364372501,2,0.8620689655172413,292670.02108396613,8.699457881241667
780,0.22565951624492034,1,1.0,402636.82679828693,7.521983874830678
781,0.3485181667787804,1,0.8571428571428571,274971.77592481923,11.617272225959347
782,0.09388666250866032,1,0.8333333333333334,32037.572999674256,3.1295554169553443
783,0.09560182124385509,1,1.0,61992.52714544663,3.1867273747951703
784,0.34254640918135326,2,0.9375,125594.79643018109,11.418213639378443
785,0.1583895990827027,1,0.875,46821.209290985025,5.279653302756757
786,0.0,0,0.0,0.0,0.0
787,0.19760085165705973,1,0.7222222222222222,103649.34197025702,6.586695055235324
788,0.41255988163278473,3,1.0,226756.49288327416,13.751996054426158
789,0.37446362825103285,3,0.9142857142857143,216755.90304912062,12.482120941701094
790,0.3763177578710765,2,0.9166666666666666,204451.87446474028,12.543925262369218
791,0.39801786953079465,2,0.8461538461538461,362338.640823163,13.267262317693154
792,0.2283745413082074,1,1.0,202881.00910578412,7.61248471027358
793,0.12429294278145257,1,0.7777777777777778,90779.7107494004,4.143098092715086
794,0.37773302995684654,2,0.8974358974358975,578467.7256069059,12.591100998561553
795,0.2389107252991711,1,1.0,68196.42257364927,7.963690843305702
796,0.34512252660837645,1,0.8461538461538461,163864.17399527758,11.504084220279214
797,0.427367041237815,2,1.0,193661.0392658214,14.245568041260501
798,0.4557618286508812,3,0.88,342117.95278162404,15.192060955029376
799,0.19898813544086283,1,0.9230769230769231,108777.14538724652,6.632937848028759
800,0.0,0,0.0,0.0,0.0
801,0.1981414987296742,1,1.0,90551.62964084889,6.6047166243224735
802,0.4715546558215723,2,0.825,897637.7451421384,15.718488527385743
803,0.2719811076700269,2,1.0,574095.1061247536,9.06603692233423
804,0.49325753981376497,3,0.9523809523809523,477848.32797835517,16.441917993792167
805,0.4087115848771633,3,0.875,315271.3616282495,13.623719495905442
806,0.0,0,0.0,0.0,0.0
807,0.07007617788567527,1,1.0,72252.93592637067,2.3358725961891755
808,0.0,0,0.0,0.0,0.0
809,0.17352753719666436,1,1.0,116745.4701951981,5.784251239888812
810,0.28612542687728304,2,0.8333333333333334,475590.80310775235,9.537514229242767
811,0.2890929501625603,2,0.9375,498167.4707741854,9.636431672085342
812,0.57093921230467,4,0.8604651162790697,550181.2006023235,19.031307076822333
813,0.0,0,0.0,0.0,0.0
814,0.0,0,0.0,0.0,0.0
815,0.09474141566663445,1,1.0,50933.49240388661,3.158047188887815
816,0.0,0,0.0,0.0,0.0
817,0.5397315333793345,3,0.8918918918918919,305936.7462729717,17.991051112644485
818,0.16390724931070585,1,0.8571428571428571,191997.206560866,5.463574977023529
819,0.24472331156588673,1,1.0,237068.85984704795,8.157443718862892
820,0.7964493775667799,3,0.92,943149.2283930194,26.54831258555933
821,0.32996564896395325,2,0.8260869565217391,105710.20353407439,10.998854965465107
822,0.3599602349010087,2,1.0,212124.15580664505,11.99867449670029
823,0.23358910510662345,2,0.9285714285714286,211823.14628046693,7.786303503554115
824,0.6900419047204995,2,0.9523809523809523,215690.2933167647,23.00139682401665
825,0.3464101900263726,2,0.9117647058823529,194505.07860838476,11.54700633421242
826,0.2752193415548517,2,1.0,416059.38191206165,9.17397805182839
827,0.3945507197258357,2,0.9090909090909091,434924.9131350061,13.151690657527858
828,0.04266663017028556,1,0.6666666666666666,60492.471644844474,1.4222210056761855
829,0.08744985709639923,1,0.9166666666666666,59644.3593757632,2.9149952365466407
830,0.08120074128041893,1,1.0,89573.29395543372,2.7066913760139646
831,0.23763444653344243,1,1.0,122253.20193970164,7.921148217781415
832,0.39303479347451165,3,0.6,375340.59329773893,13.101159782483721
833,0.5704231246586587,3,0.9615384615384616,697995.6501553601,19.01410415528862
834,0.22701601741676192,2,0.9130434782608695,336369.4570338103,7.567200580558731
835,0.19003916291239425,1,0.9090909090909091,105815.49819314142,6.334638763746475
836,0.5152698421094716,2,0.8421052631578947,308114.76443144836,17.175661403649052
837,0.24400391457516288,1,1.0,119470.75302762943,8.133463819172098
838,0.21570049045393597,1,0.8333333333333334,344025.0908887023,7.190016348464531
839,0.3721586409899646,2,0.9032258064516129,555342.686432702,12.40528803299882
840,0.2404444717069584,1,0.5555555555555556,61634.54691437687,8.01481572356528
841,0.4940517355023842,2,1.0,308439.74481694435,16.468391183412805
842,0.06906775497618957,1,1.0,43687.54944436186,2.302258499206319
843,0.297335354003201,2,1.0,165680.63438513997,9.911178466773366
844,0.25490584264076394,1,1.0,333521.71397426043,8.496861421358796
845,0.22642251027754967,2,0.95,159540.3327112666,7.547417009251656
846,0.0,0,0.0,0.0,0.0
847,0.22687325803256925,1,1.0,119682.3780805034,7.562441934418975
848,0.04317758916982176,1,1.0,40819.385572888605,1.4392529723273921
849,0.6535487213008588,2,0.8947368421052632,560664.0924578357,21.784957376695292
850,0.6670655527077011,2,0.8529411764705882,554554.5251729754,22.23551842359003
851,0.37898353096789456,2,0.875,356219.34217372834,12.632784365596486
852,0.1985144676049105,1,0.9545454545454546,90647.0263539442,6.617148920163684
853,0.0,0,0.0,0.0,0.0
854,0.3107515789674732,2,1.0,377638.52827836195,10.358385965582439
855,0.24636754178863068,1,0.9375,172372.9181414075,8.212251392954355
856,0.35607884771005754,2,0.76,132280.50201291975,11.869294923668585
857,0.0,0,0.0,0.0,0.0
858,0.41383289945079327,2,0.9,291035.91214785125,13.79442998169311
859,0.2197158764205531,1,0.875,137535.24839708098,7.32386254735177
860,0.4414168854216394,2,0.8095238095238095,342643.33068538003,14.713896180721314
861,0.1376382801480633,1,1.0,180199.51533879086,4.587942671602111
862,0.050981307198936766,1,1.0,21368.52887210616,1.6993769066312256
863,0.550911410420439,3,0.9354838709677419,289685.9524347591,18.3637136806813
864,0.11592038649120573,1,0.9166666666666666,200967.69813466398,3.864012883040191
865,0.1366422059216881,1,0.9,135982.05947968632,4.554740197389604
866,0.0,0,0.0,0.0,0.0
867,0.5054561900014634,2,0.8974358974358975,456458.4431073338,16.848539666715446
868,0.2528280202264213,2,0.9090909090909091,102511.48814501392,8.427600674214043
869,0.18411056114802896,1,1.0,266831.54184104543,6.137018704934298
870,0.5824969693498886,3,0.8870967741935484,451310.32325493026,19.41656564499629
871,0.5410295959274249,3,0.9074074074074074,535127.3971528739,18.0343198642475
872,0.21934053608030776,1,1.0,173354.627937344,7.311351202676926
873,0.15385601521127365,1,0.8333333333333334,273162.39330099727,5.1285338403757885
874,0.7995372178018397,4,0.9,419168.4780695155,26.65124059339466
875,0.5628262373139753,3,0.7692307692307693,618743.537335825,18.76087457713251
876,0.2606695542441886,2,1.0,118958.12390583419,8.688985141472951
877,0.06998916278587532,1,0.5,87523.32662734656,2.332972092862511
878,0.17850464719046039,1,1.0,383001.5771392771,5.950154906348681
879,0.2846831114151922,2,0.9090909090909091,221573.6836214164,9.489437047173075
880,0.10044627681702294,1,1.0,29861.168539534603,3.348209227234098
881,0.33848335250935935,2,1.0,330591.61643076554,11.282778416978644
882,0.1961685070715288,1,0.9130434782608695,203980.22075720585,6.5389502357176275
883,1.1739076875277124,4,0.8888888888888888,767234.0371621336,39.130256250923736
884,0.3147142590692824,2,0.9,360956.42035435454,10.490475302309413
885,0.4963605686838217,3,0.7894736842105263,582160.0878678082,16.545352289460723
886,0.1930600679844609,2,0.9166666666666666,70350.24276466157,6.435335599482031
887,0.07071631815624457,1,1.0,131163.09351713638,2.3572106052081527
888,0.31992793100762135,1,0.8888888888888888,333429.06994387094,10.664264366920712
889,0.12211092704732526,1,1.0,156808.50621404403,4.070364234910842
890,0.5925253071251341,2,0.84,422928.5203348546,19.7508435708378
891,0.22118711791871504,2,0.8148148148148148,92774.66371960714,7.372903930623835
892,0.6797334181002359,3,0.8333333333333334,896497.3251399202,22.6577806033412
893,0.9089466092736168,5,0.9210526315789473,1121660.9002260263,30.29822030912056
894,0.0,0,0.0,0.0,0.0
895,0.7120326382528395,4,0.86,461835.59223979927,23.734421275094647
896,0.5162644877537036,3,0.9259259259259259,154521.04812331783,17.20881625845679
897,0.12903062373456387,1,0.9090909090909091,102128.37097209066,4.301020791152129
898,0.04707964452620423,1,0.6666666666666666,22466.436643903697,1.5693214842068075
899,0.05788959673049299,1,0.8,35542.55738169561,1.9296532243497662
900,0.33446001695267896,2,1.0,115181.70128431279,11.148667231755963
901,0.5252915395266176,3,0.9375,515998.3264103358,17.509717984220586
902,0.21025793159889192,1,0.8947368421052632,146153.79711100826,7.008597719963064
903,0.8889993802934,3,0.875,376169.122718317,29.633312676446664
904,0.0,0,0.0,0.0,0.0
905,0.3421212322119986,2,0.88,127576.97028883468,11.404041073733287
906,0.07429878774802473,1,0.6666666666666666,98783.24292558394,2.4766262582674914
907,0.6117421950071296,4,0.8235294117647058,460469.66149633203,20.39140650023765
908,0.5425362099412401,2,0.896551724137931,356407.9645662049,18.08454033137467
909,0.18307925687208929,2,0.8421052631578947,134433.89387816557,6.10264189573631
910,0.0,0,0.0,0.0,0.0
911,0.0,0,0.0,0.0,0.0
912,0.372537578275424,2,0.9411764705882353,294958.72665562254,12.417919275847465
913,0.0,0,0.0,0.0,0.0
914,0.0,0,0.0,0.0,0.0
915,0.0,0,0.0,0.0,0.0
916,0.0,0,0.0,0.0,0.0
917,0.4513006913041442,2,0.9354838709677419,271645.8394487862,15.043356376804805
918,0.47775402027614594,2,0.8461538461538461,407493.74969535717,15.925134009204864
919,0.38225621806579324,2,1.0,247784.02209325242,12.741873935526444
920,0.6059920691204489,2,0.8620689655172413,313080.9728510134,20.199735637348297
921,0.0,0,0.0,0.0,0.0
922,0.2490958030138585,1,0.92,76411.02807679269,8.303193433795283
923,0.39373249762013385,2,0.9375,155006.55444893285,13.124416587337794
924,0.0,0,0.0,0.0,0.0
925,0.4016103206086092,2,0.868421052631579,238692.49915175495,13.38701068695364
926,0.6370047163971246,3,0.9411764705882353,450543.0199429598,21.233490546570817
927,0.25944520902162027,2,1.0,366484.3684956501,8.64817363405401
928,0.21448399281265723,1,1.0,108294.47704975079,7.149466427088573
929,0.2153349080600501,1,1.0,142768.13763842933,7.177830268668337
930,0.4316913204665212,2,1.0,671801.585691477,14.389710682217371
931,0.0,0,0.0,0.0,0.0
932,0.0,0,0.0,0.0,0.0
933,0.4353719945618664,2,0.9473684210526315,667809.765604113,14.512399818728882
934,0.0,0,0.0,0.0,0.0
935,0.4238405830655524,2,0.8333333333333334,442400.3438987435,14.128019435518413
936,0.3725292511356474,3,0.8571428571428571,179285.97697954997,12.417641704521582
937,0.4807839505397069,2,0.88,416361.8390517526,16.026131684656896
938,0.663072135736553,4,0.9361702127659575,756709.1181422906,22.102404524551766
939,0.0,0,0.0,0.0,0.0
940,0.0,0,0.0,0.0,0.0
941,0.7933399527332551,3,0.9230769230769231,1192867.2318914335,26.444665091108504
942,0.22392839384019056,2,0.8333333333333334,144365.01431610042,7.464279794673019
943,0.5847977002885599,3,0.9090909090909091,116015.17601262944,19.49325667628533
944,0.4024566909781917,2,0.8461538461538461,577019.194256981,13.415223032606391
945,0.6138898968164618,2,0.9473684210526315,822497.4269501707,20.46299656054872
946,0.0,0,0.0,0.0,0.0
947,0.7217812720584103,4,0.8333333333333334,672577.7885077377,24.059375735280344
948,0.10947210421805051,1,1.0,96483.2585220093,3.6490701406016837
949,0.18064292736157198,1,1.0,181447.87414380966,6.0214309120523986
950,0.21261421879223008,2,0.8571428571428571,78981.56565478051,7.08714062640767
951,0.15165151732742593,2,0.9285714285714286,54597.25845633685,5.0550505775808645
952,0.4528380976282113,2,0.7777777777777778,203705.95676748676,15.09460325427371
953,0.0,0,0.0,0.0,0.0
954,0.11363466370948198,1,1.0,162137.23611699836,3.7878221236494003
955,0.21752926250530724,1,0.6666666666666666,187091.51005409108,7.250975416843575
956,0.17583290700634865,1,1.0,113377.69245725923,5.861096900211621
957,0.22161939073913267,2,0.7894736842105263,86600.3243055739,7.387313024637756
958,0.23596457619569994,1,1.0,365132.2261617968,7.865485873189996
959,0.4042619057781912,2,0.9090909090909091,142403.18761031702,13.47539685927304
960,0.10655052590256228,1,0.8333333333333334,66306.74498897955,3.551684196752076
961,0.5725071195311748,3,1.0,189209.56992786645,19.08357065103916
962,0.29807657871357274,2,0.875,161068.55096337717,9.935885957119092
963,0.2383893481022334,1,1.0,113977.82918556426,7.946311603407779
964,0.8019591621252915,4,0.9361702127659575,1499157.3810854345,26.731972070843046
965,0.29855138489970634,1,0.9411764705882353,376980.76225941686,9.95171282999021
966,0.10582160576290252,1,0.9130434782608695,68843.14623115706,3.527386858763417
967,0.7357222510157364,3,0.9090909090909091,425892.4750096208,24.52407503385788
968,0.6119963007457714,3,0.8604651162790697,190448.14064992787,20.399876691525716
969,0.22578302673718514,1,1.0,208861.78302946736,7.526100891239505
970,0.0,0,0.0,0.0,0.0
971,0.2959201986083909,2,0.9047619047619048,424455.37575759913,9.864006620279698
972,0.16379598156817607,1,0.9047619047619048,165106.5731983194,5.459866052272536
973,0.04776293940986087,1,0.8333333333333334,53179.3147746292,1.5920979803286956
974,0.2380844766645047,1,1.0,99271.83575452791,7.9361492221501555
975,0.0,0,0.0,0.0,0.0
976,0.30917343979490713,3,0.8947368421052632,305985.71035939374,10.305781326496904
977,0.0,0,0.0,0.0,0.0
978,0.7426495810507249,3,0.8695652173913043,608970.1849725684,24.754986035024164
979,0.30340686094281566,2,0.8181818181818182,165124.4927987113,10.11356203142719
980,0.9114321816559834,3,0.926829268292683,899767.4079573591,30.381072721866108
981,0.40482967017984456,2,0.9090909090909091,240090.82595237345,13.494322339328155
982,0.15945903998968838,1,1.0,68000.54752429404,5.315301332989613
983,0.3418238778242935,3,1.0,566101.2860391197,11.394129260809784
984,0.532353127540869,3,0.9130434782608695,705033.0407921039,17.7451042513623
985,0.0,0,0.0,0.0,0.0
986,0.4147935530134262,2,0.8611111111111112,439246.4452937026,13.826451767114206
987,0.0,0,0.0,0.0,0.0
988,0.1703626042968746,1,0.95,160623.78848541796,5.678753476562487
989,0.0,0,0.0,0.0,0.0
990,0.3252610811236461,2,0.8,295120.10090386815,10.842036037454871
991,0.0,0,0.0,0.0,0.0
992,0.16570278469768615,1,1.0,99259.36742507317,5.5234261565895375
993,0.36172013526454816,2,0.8333333333333334,364704.24661748647,12.057337842151608
994,0.12898022630973055,1,1.0,89663.86898803533,4.299340876991018
995,0.0,0,0.0,0.0,0.0
996,0.39970115945289153,1,0.875,141442.94839805254,13.323371981763051
997,0.09861032981763809,1,1.0,62421.32396780316,3.28701099392127
998,0.8037441151089869,3,0.8536585365853658,1028090.7906680675,26.791470503632898
999,0.3955958121160154,3,0.9130434782608695,327400.25820848515,13.186527070533845
