user_id,monthly_income,employment_status,years_employed,age
0,76753.71563849953,business_owner,4.72347139765763,29
1,34339.787316729664,business_owner,5.637804369378767,44
2,131874.55486212557,self_employed,6.534869458305818,23
3,67275.24514615796,self_employed,5.235989224687,42
4,124391.49144118483,employed,8.077429935229196,46
5,90059.20266813577,self_employed,1.9522480047682782,49
6,66905.70043500722,student,3.4640469961138454,24
7,73755.10962342411,employed,6.664923714242313,39
8,44350.22561830717,employed,6.894879642093278,23
9,44318.0221517441,business_owner,8.704556369017876,29
10,90334.29492394529,self_employed,2.5583127000579555,27
11,70368.42258113984,employed,2.2131661182545925,39
12,66790.70198711024,student,6.763522077897221,36
13,56510.16761919293,student,4.3977926088214225,39
14,192986.04644318146,employed,7.141970374034738,50
15,80102.42420711885,business_owner,6.775496919186715,56
16,39355.50877733504,business_owner,4.381575248297571,30
17,28167.478738839254,student,7.199293951569641,44
18,109763.81182319627,student,7.466993609086114,43
19,57756.7173408317,employed,7.007065795784048,35
20,75651.86535644771,business_owner,6.472244701338515,35
21,323239.2780332606,business_owner,3.1592183898652486,47
22,62537.617465711475,student,4.401985299068265,53
23,40496.712900498314,business_owner,5.847886139581869,36
24,40350.97494657962,student,6.4874225675424535,28
25,39964.75415579039,self_employed,3.996485912830927,27
26,28532.180698653257,student,4.542304967521968,51
27,50410.75022069546,business_owner,6.501571771178842,49
28,85994.758505082,employed,4.488470726082115,48
29,113194.94746682074,employed,4.41609465834876,24
30,60027.41949034858,employed,4.530825733249706,58
31,34608.932842365575,student,6.829768643852024,36
32,47025.18840392954,student,3.8603433032031926,33
33,59321.35259994449,employed,1.6529907560195536,58
34,61704.68290395539,self_employed,9.926484224970572,44
35,76029.5264481849,business_owner,4.481942710522219,23
36,17164.87509570759,self_employed,7.960657122344327,53
37,40891.86890109278,student,5.337318774386589,38
38,40098.17408929443,student,7.768031437865357,55
39,80292.263224049,student,9.380911251619956,37
40,46783.4019072903,self_employed,6.846325216683906,37
41,62932.98333173081,business_owner,3.9930486917676014,57
42,60148.523423878636,business_owner,4.268921406334915,41
43,35201.646749105144,employed,5.9471848612703635,39
44,76190.3100965514,employed,6.8529127172406445,46
45,66358.36243450806,self_employed,2.1130332966075227,56
46,43791.361565599684,student,3.9550770409348344,23
47,98739.74249314971,business_owner,5.304841724518519,30
48,96994.08644709934,student,2.870337694273988,24
49,51909.40930314828,employed,7.1305849376919,45
50,82994.04651945799,self_employed,7.205374930925423,56
51,79494.81158202756,employed,4.670999131676191,50
52,36581.90877562737,self_employed,2.812119181863052,56
53,33002.81868172333,employed,6.313107217267659,25
54,41126.59566452031,student,2.7391438937589396,29
55,74031.29010177872,employed,6.881071169924019,33
56,186590.67240019073,self_employed,5.2939493009144325,51
57,57609.86764500918,self_employed,5.682303949633288,29
58,109610.77770034721,self_employed,6.075920007383991,54
59,52452.93568539626,employed,10.440338333179238,40
60,125482.85160237571,student,5.793548562542258,38
61,59528.37330315777,self_employed,5.381197410229046,27
62,56270.956211653465,employed,6.480681635895477,52
63,39206.708289268674,business_owner,1.9703055506282707,54
64,37683.46527633922,employed,3.9740693647287566,52
65,33729.90169513098,business_owner,7.779205656293183,48
66,35855.421615086336,student,2.633920777329895,54
67,73815.18399283523,business_owner,3.543641501273333,50
68,42895.76201562549,self_employed,1.616363487499394,46
69,41503.14275875614,business_owner,5.390692945093946,57
70,79653.81851319727,student,7.271131280361198,37
71,61955.74541614854,student,4.1811823388568845,44
72,32857.461319475704,self_employed,7.402760888435382,43
73,48665.911622948086,student,5.160397425081629,27
74,71482.63217697901,employed,1.2393748230948871,54
75,45677.32482229054,student,6.5536460088512065,26
76,109666.51044539612,student,4.697528069015542,51
77,174900.41690192604,student,6.267838044636022,37
78,60329.207733249,self_employed,5.884148033733463,40
79,43006.509529095456,student,6.704866669592448,47
80,77071.86979623212,employed,6.731510388340243,22
81,50659.216339892446,self_employed,4.364306186978833,53
82,144744.74924633015,student,5.809963421921911,22
83,173005.4020139058,business_owner,7.064930521102294,24
84,41549.02350759535,employed,2.44016053347374,43
85,74750.39040682802,student,6.5492681068586736,37
86,59294.92085020092,business_owner,3.134816686877838,57
87,52770.93920373651,business_owner,2.504433636070301,31
88,59928.46054662902,student,6.5118705635833045,26
89,97374.18694905362,student,8.088949677415584,23
90,62000.70546901601,business_owner,4.22937280627648,41
91,23186.17578591252,student,7.561081523354927,54
92,173948.87050248965,employed,1.0958244009549962,33
93,74582.67868716792,self_employed,4.783004222872973,50
94,46947.42403391071,student,5.41519652257144,50
95,44592.35102096211,student,6.699204194042049,32
96,71754.57939969956,employed,6.162628268071448,57
97,78894.63485606859,student,3.579744084145032,56
98,59251.66755668327,self_employed,5.234654766617564,53
99,78711.8260497748,employed,4.595614695132212,33
100,130148.30513226402,employed,4.120964249051445,56
101,115005.97972211461,self_employed,5.042007683265518,34
102,53124.186919512395,student,6.707949422135712,40
103,52285.78254619872,self_employed,3.7738106341832443,52
104,62849.48265096943,business_owner,6.190314050873827,37
105,24440.025335662405,employed,4.106452976420185,42
106,88021.74496067391,employed,6.334112206939583,35
107,21057.058965711778,business_owner,8.540863033133437,50
108,39626.422183578674,student,4.357228316694013,30
109,81382.91745872765,employed,7.715761576199976,59
110,67675.75600651078,self_employed,3.9861136492577405,30
111,79185.98470180175,employed,6.7450831828609585,50
112,29026.306812857143,student,2.1850724512468895,38
113,42954.05256385347,business_owner,7.720222732496342,40
114,69944.25053553942,business_owner,7.950712433899104,31
115,51474.2972200124,student,4.990874342019407,41
116,113048.14998403242,employed,6.541726202928079,49
117,56705.12795623238,employed,5.8034234441978825,46
118,50432.91829776134,self_employed,5.9153529088576775,53
119,23193.477825251528,student,6.198186651658283,42
120,75872.81221400495,self_employed,5.108701155877142,35
121,38230.229672342306,business_owner,8.051659914501663,32
122,56643.58564172257,student,6.952618252962205,29
123,75460.31416344234,student,2.9182996934402077,49
124,23009.13848579772,student,5.724952917610604,34
125,38207.712202133975,self_employed,5.983838343013011,56
126,86766.98822020688,self_employed,7.953317250859258,31
127,107982.02535540612,student,4.06164869579059,32
128,25423.58932126004,self_employed,7.707744748330826,48
129,42316.27417215899,employed,5.219720146086497,56
130,66792.1973215082,employed,4.031248616061393,52
131,70246.7125341688,business_owner,5.386556123698772,58
132,95042.19135743882,business_owner,6.625712928476198,38
133,41365.009251739975,employed,3.701505443332581,34
134,70727.2810064489,student,4.484195670912913,53
135,59825.185691188046,self_employed,4.14793532287116,24
136,107974.30833628553,self_employed,5.135036962820218,26
137,45178.233688444576,business_owner,10.078515582421785,36
138,80569.14895561896,business_owner,7.4256301473653705,59
139,66274.25393433154,self_employed,5.099145458598809,55
140,90370.77946661497,business_owner,9.104905483490981,55
141,66175.60765415891,student,0.6582683437391799,36
142,135172.6018188019,business_owner,2.2397970835702172,38
143,59435.13748923115,student,6.592810859392653,41
144,72550.10636979151,employed,4.934610503811814,23
145,104960.44484462873,student,2.1176084790080028,32
146,71919.24152869768,student,3.1202404273452897,25
147,87001.79379921108,business_owner,4.418615383937913,48
148,36575.61267090466,self_employed,6.008093031035688,40
149,46554.607489210124,self_employed,7.090625586015221,43
150,29230.137594072818,self_employed,4.6169343521734145,35
151,32557.2442134895,self_employed,2.6793499494613884,43
152,91644.94830254829,employed,3.759272554928896,56
153,45924.288907921706,business_owner,3.8483635187106398,43
154,87935.92876586258,self_employed,3.43931329188457,45
155,52761.67468781874,business_owner,5.25486881333618,28
156,92357.71579944217,business_owner,5.942073662836042,39
157,128270.12939922707,business_owner,0.08650588627304145,46
158,40719.27024401099,business_owner,6.152349198942202,38
159,43334.898436325486,student,2.83690399277121,46
160,66776.82487132541,student,6.821128244742161,31
161,59635.93927826224,business_owner,7.959888277780052,57
162,196253.9380119373,student,7.0290653853745955,40
163,27958.089955813495,student,2.728269004985506,47
164,29507.470284133553,business_owner,6.190802271420846,27
165,29753.921371387314,self_employed,6.125938473381142,42
166,47616.99663195383,student,3.7480141394911994,51
167,44524.863296113195,business_owner,3.2720184606403677,45
168,17130.576397380148,student,6.369284403110337,45
169,53131.538514156964,student,3.1848726759168042,32
170,67417.6540669757,employed,5.547154806277256,51
171,76915.18450564152,employed,3.044889510402898,23
172,166318.5567327379,business_owner,8.239224310874622,26
173,45148.9136824004,business_owner,2.9959065527425315,41
174,26535.23578565564,business_owner,5.096169893322764,22
175,27941.12043334206,employed,6.595472629157269,32
176,54231.57138117194,business_owner,5.953656188648221,54
177,41192.64521021021,employed,0.7223993703813694,44
178,29729.414577501328,student,5.45932492846628,23
179,197785.6477449392,business_owner,3.7911710437365755,51
180,45257.741285834454,employed,8.010050229321642,32
181,62523.32047542193,self_employed,4.688645529215841,50
182,70884.09313755183,self_employed,4.1762460677550655,51
183,47991.72180132888,business_owner,5.9174203431180254,35
184,19849.750646813507,employed,5.7215568493468565,46
185,46611.697540283574,student,8.814037803821112,35
186,67852.75346727438,employed,6.611470599052237,44
187,162596.14562043472,employed,1.8409584853748124,54
188,84407.86768629217,employed,0.32081399497022733,27
189,65029.55839558629,student,6.137873348939284,36
190,59493.832146420864,self_employed,7.108790431698228,48
191,46924.8417027548,employed,5.807641117358611,58
192,46703.31768615576,student,5.7756897630609325,43
193,58344.50776906605,self_employed,8.681886139874416,54
194,62537.24724125088,business_owner,3.105317240115751,57
195,185090.3087851285,business_owner,3.1327237814741506,50
196,35978.984242925755,student,10.952393856309946,33
197,116450.23363643767,self_employed,8.998634412499609,48
198,35270.67984801884,self_employed,3.974171250057169,59
199,48850.890328332884,self_employed,2.095591913058205,33
200,52343.49305358065,student,4.1202714247691645,33
201,109369.27983603999,business_owner,6.344850037790186,30
202,132799.17628336095,student,3.9775686471376295,43
203,43751.91043032582,student,4.009221514137506,44
204,213063.50608104694,employed,6.047905334215588,30
205,40205.075412145234,employed,6.3215504634442805,47
206,36096.37819826111,employed,1.6902866562684613,47
207,53372.99654003785,self_employed,6.256280026961338,48
208,50620.28429566803,business_owner,8.338043050578786,45
209,32953.896457368195,employed,5.554363158717493,45
210,100650.869769528,business_owner,3.603567943369295,43
211,42777.43724154437,employed,3.689780465618136,28
212,58775.59772904766,student,5.858896490767339,43
213,216789.0200252125,employed,5.118436868028977,51
214,40486.67341171767,business_owner,6.34856093749355,53
215,185024.21876098978,employed,3.8528296833198117,51
216,69671.93302278584,employed,7.333001659850212,35
217,67333.0879497389,self_employed,8.636039215922231,49
218,45166.763698533134,business_owner,0.0,25
219,69211.41828303838,business_owner,4.490357463255271,24
220,29621.157122548884,self_employed,3.444366624818249,55
221,49963.82459157814,student,4.860820354173979,53
222,95591.50130205641,employed,7.543110189988317,24
223,85891.14623214552,employed,2.7418964575655416,29
224,62904.494122127384,business_owner,4.7393097080255835,54
225,141255.9664156453,business_owner,5.881936363722538,53
226,60264.60648440155,self_employed,5.123137241250902,37
227,136379.75932569988,employed,2.985821271387478,35
228,80543.33398837637,business_owner,4.38090712137202,31
229,25980.730665071107,self_employed,8.529373868525438,22
230,46103.239134630356,self_employed,7.098018451673779,23
231,50783.89221178354,student,4.806347925213179,26
232,108294.01255811309,employed,3.6599216128893066,55
233,49837.02200436073,self_employed,5.944793285678716,43
234,50135.460753727304,self_employed,5.514946469165316,44
235,50622.046580514456,business_owner,7.692088414929435,38
236,69835.71851549082,employed,1.5796632146867489,46
237,43851.874656031025,business_owner,4.163713931981456,25
238,103934.13221489715,self_employed,7.3028507489294645,39
239,117403.61632136483,employed,5.25358631936094,59
240,55584.062193142396,self_employed,3.6415161665731217,33
241,68051.14726988299,student,6.965381967891028,28
242,108346.43363150035,employed,5.514276260187943,49
243,48564.47519780672,self_employed,7.909855616651333,22
244,65734.77617979453,self_employed,3.489234135293355,50
245,27944.966673726274,student,3.403121905165893,57
246,36756.243211233996,business_owner,7.107283593215679,55
247,77647.61498567548,self_employed,4.763353154638019,26
248,24899.589085154246,business_owner,4.752212042518882,41
249,68994.29060532265,employed,4.438767967670371,55
250,47095.7812110365,employed,9.596937723469667,30
251,35491.32805819571,employed,1.4388866335790351,46
252,85295.4139046402,employed,3.8750664482114647,51
253,98013.58381573096,employed,3.8110709037235564,38
254,57686.77857644858,business_owner,6.241344195101356,33
255,101954.74720946712,student,5.2392113377741385,52
256,79212.96183665829,self_employed,7.161561451109243,37
257,47721.048397007224,employed,6.26588326758693,33
258,74221.49740002042,business_owner,5.4153753743262225,47
259,90151.09430934742,self_employed,5.267695308492,36
260,34873.12414764392,student,7.1063057066658075,29
261,105296.42203476049,business_owner,4.8391684525820144,56
262,95716.11011067705,employed,3.967910543565252,35
263,29656.008718485715,student,6.00206668703469,55
264,62306.991946792616,self_employed,7.026632072110707,44
265,54533.1568330307,employed,4.12053788345165,25
266,43248.05668542182,self_employed,7.087091818573107,54
267,68427.16219749839,self_employed,6.779261591246874,23
268,85536.61382257291,business_owner,5.09403442624749,50
269,46228.685143538154,employed,7.81869488037116,37
270,47918.10750934352,business_owner,7.906768954235401,41
271,38703.475698448485,business_owner,6.5873158839607076,35
272,88706.41251417108,self_employed,4.095343668730998,58
273,58844.7298429219,employed,5.468429465073042,45
274,43292.04037220191,student,6.603714664080333,27
275,90741.61751268948,self_employed,5.415225376456129,46
276,57036.70097083444,student,5.108637772908473,41
277,47184.04805505337,business_owner,6.1946120829306155,31
278,56156.30469545462,employed,3.99772006544286,24
279,75680.94925716615,self_employed,6.01637955498426,44
280,121814.18927640226,self_employed,3.8585074125010475,38
281,71097.63091468367,self_employed,4.246894697955469,34
282,66267.94071450163,employed,1.9685117700055361,25
283,39337.94921068167,employed,5.329395654874281,24
284,54693.74498162974,business_owner,1.476272515920523,46
285,77139.23627776043,business_owner,4.598574103325433,55
286,24977.395317370356,student,2.485319399142311,26
287,61254.713603330776,employed,3.7380157402521053,34
288,94253.89061647102,business_owner,5.071789099535399,55
289,103969.92303345831,employed,5.265132135929572,27
290,103863.03686924103,student,5.127235519900339,54
291,52411.495914017694,employed,4.462727883225394,46
292,37641.60653178376,employed,6.188737617846339,52
293,55074.43758639107,business_owner,5.293427372866645,51
294,131091.90660355476,student,5.686218165903517,23
295,90118.10329963258,employed,2.0212138807013877,38
296,51971.226058474815,student,3.235945317585143,45
297,53605.19875949403,business_owner,5.379441767116116,51
298,58500.45521421816,self_employed,4.340170529733052,49
299,81141.37274607013,employed,5.3732182463127165,43
300,65367.0060139517,self_employed,5.817024696754852,25
301,102417.8072023988,self_employed,2.9469694011778795,38
302,24222.095905470644,self_employed,6.93002992212646,39
303,71937.36820557034,business_owner,3.948389225374086,50
304,130975.03540788441,self_employed,4.868499477854025,44
305,25578.39231932822,employed,4.187014246607476,25
306,29027.329153076582,business_owner,0.6023880867598361,36
307,82811.16442715048,student,6.9746177985132505,53
308,67636.31736422892,self_employed,3.871842738526543,32
309,53572.63152466578,employed,2.7060827425331215,37
310,50420.636571099814,business_owner,8.098418953052608,22
311,107124.04371177158,self_employed,3.1413356117954527,56
312,62137.385449447254,student,4.541194794539296,39
313,57464.60148165611,student,7.234591663176255,46
314,71065.88426841506,business_owner,5.913506438307568,48
315,75354.92118302875,business_owner,6.215028654299009,50
316,66056.16109449566,self_employed,6.418007515177025,36
317,35762.00330670096,employed,4.900466980701831,41
318,30359.48904940868,employed,4.367804263126946,43
319,27019.0560657001,student,6.129402125072311,29
320,47901.796283373675,student,1.220918538108938,42
321,54911.74618655474,self_employed,3.6236806197994547,52
322,93987.06074993419,employed,7.549354677129518,54
323,95791.00363424528,employed,6.692027089342537,38
324,64950.52072983013,business_owner,3.1764110224972866,37
325,28673.992635751634,employed,4.820608746384948,31
326,61774.835417282986,employed,3.4390519873493126,34
327,29950.882448465072,self_employed,2.7853609733073768,47
328,98168.56868868724,self_employed,6.246619613309208,32
329,140203.2037025147,business_owner,7.766290001744549,53
330,72112.30326396294,student,4.656136619270959,49
331,44813.66359958687,business_owner,7.178019963569548,28
332,82926.05951032531,self_employed,8.953088547456456,43
333,168996.01881374806,employed,3.6216243638208643,35
334,43230.044117581885,employed,4.032228331891357,40
335,77762.74535619744,business_owner,3.852599992122842,53
336,263683.599297994,self_employed,4.806742186753558,40
337,61022.73258641933,self_employed,5.240062653436523,56
338,48719.928783533134,business_owner,2.1760780469114973,54
339,50599.078130229245,employed,5.703509353187427,52
340,105411.43442373071,employed,4.450505009651165,25
341,92678.47467897151,student,6.536247670269433,45
342,96388.9387269381,employed,10.892425653326452,57
343,57444.49996123568,student,4.253669635573606,23
344,115667.13064770462,business_owner,5.878605515362942,33
345,42776.97473953144,employed,0.43036085534885604,36
346,87085.98202240148,student,3.565424100087844,51
347,45471.7904737127,self_employed,3.656753264123897,23
348,70396.5872073654,employed,4.41702004201302,35
349,19590.24032971965,self_employed,5.470399657709402,27
350,30867.581338750148,student,7.146104318006254,23
351,141263.57352686388,student,8.075223120148083,44
352,27503.00841980491,business_owner,4.455208059000382,35
353,44549.151756252075,student,1.0956295571931114,51
354,55175.06072144284,student,2.7096451519292386,33
355,39371.84533495946,student,6.0413288410684185,49
356,50979.68374457308,employed,9.153495967121682,49
357,65313.499268450396,business_owner,7.178873418720869,41
358,57768.52581608461,business_owner,4.925555526980316,58
359,56080.42014769899,employed,2.9300902709357346,26
360,65872.00865406446,student,3.2108735351724316,41
361,94671.07907642337,business_owner,5.692976951795986,44
362,38732.45344785434,student,5.806780046708155,37
363,61816.65779087226,student,5.241179867781422,42
364,68753.61364781162,student,3.698572925309821,59
365,54429.34946687364,self_employed,5.434865746359446,22
366,58956.5600998453,employed,9.00681453436421,47
367,66207.53275935983,student,7.1013087920152245,48
368,66090.67852451073,employed,5.898456869839491,22
369,82402.01018216244,employed,2.713990174539033,26
370,23730.81802570252,self_employed,6.886927683730735,27
371,89432.14328893114,employed,4.203358187952077,34
372,70990.4052487429,employed,7.870363098380103,32
373,52993.34837791401,self_employed,6.928174336576714,25
374,101059.02831065988,self_employed,6.139900610682765,34
375,51596.97100638465,business_owner,7.751413626623239,22
376,63592.446680787936,employed,2.942651333741832,42
377,34608.77205631926,business_owner,2.1198982348114113,36
378,38461.70117562434,employed,8.105123630979284,54
379,43500.126545097635,student,2.3538204131850033,59
380,65176.0204773595,self_employed,3.5997682535899838,35
381,42443.32040983969,business_owner,9.504871610688618,42
382,61671.12198180816,self_employed,7.2522340520307615,49
383,29888.042608053318,employed,1.7092025060862164,36
384,191819.38482059666,student,6.450302798763483,44
385,80609.93394456533,business_owner,6.706831117560616,42
386,87506.14468866709,employed,5.562382847938752,57
387,54477.96876655963,self_employed,6.1061465528809595,35
388,25681.38252254097,student,4.8033207464105,48
389,61629.614741986574,student,6.539315502691251,37
390,67990.59066888348,self_employed,4.04117628236381,34
391,36634.88850655811,business_owner,4.550733700005951,28
392,36879.09708437802,employed,6.102074604485075,52
393,44325.53399012546,self_employed,5.639563868285074,57
394,39683.44162963705,self_employed,4.6993161548381925,22
395,76001.00627927104,business_owner,0.44617460380078455,34
396,109433.97713302857,self_employed,5.767943105093725,49
397,42150.59822514323,self_employed,3.6741981648981037,45
398,106373.29782812034,student,4.3981919612772815,45
399,32146.806140984103,employed,3.6141896044081854,25
400,89451.40617721583,student,3.879103697020952,31
401,80285.08199360747,self_employed,6.362012477483114,54
402,33824.36664338942,employed,4.499362576534012,56
403,57518.992517338054,employed,7.186541810919859,38
404,45535.83245565144,business_owner,3.1244403322601793,49
405,79171.39800732188,employed,2.6201098932686016,35
406,45544.82802821342,employed,5.327146671177309,23
407,83574.2052415314,self_employed,1.900937460842976,24
408,23526.90173361994,employed,1.0517251033282262,32
409,69657.29240868514,self_employed,3.9317033006238065,53
410,49535.067372555975,student,4.592839279795276,58
411,34530.917412050774,employed,3.5774027504789245,25
412,111221.05400517103,student,4.570134988029216,26
413,66044.48260096599,student,3.796225577597533,59
414,139360.3772147262,student,6.741152431628483,24
415,28288.37641567779,business_owner,2.3407133955213846,55
416,22571.442105752816,self_employed,3.742142217622615,57
417,63274.9800010795,business_owner,5.755922919873748,37
418,27501.522165984177,business_owner,1.3561905346952918,37
419,59277.823892353714,self_employed,5.767223941575864,44
420,34677.4055742069,employed,4.367183100610396,41
421,62099.82053530254,employed,6.560156359433166,51
422,190930.50067321403,self_employed,5.786635678788744,29
423,45993.95888192529,student,5.72335317084731,33
424,85310.62945717118,self_employed,6.913404633589169,57
425,35056.02695972031,self_employed,3.2205077964268627,42
426,32527.504782013904,employed,3.56263614911344,32
427,45462.19988759069,self_employed,6.626388813705795,25
428,71872.60792561425,student,7.8041442944356865,58
429,60661.30023236034,employed,0.06291416823138363,59
430,48084.078686991896,student,7.3326054944735795,51
431,42128.028194735336,business_owner,5.867934844930095,35
432,54858.92240441965,self_employed,3.4885096810143104,48
433,35657.402278054935,student,7.62613703117743,39
434,103047.75318383401,employed,5.949396465759905,54
435,59129.576146595355,self_employed,6.635532598400574,37
436,43251.7720011247,business_owner,6.059386265810885,56
437,35152.22405386469,employed,4.389550591290664,55
438,77178.70339184179,student,5.107976836891586,49
439,61835.76559802874,self_employed,1.0490668672922574,50
440,68985.36842075335,employed,3.413436212332653,23
441,36928.59591802741,business_owner,5.834380928765128,26
442,53813.44190806205,self_employed,7.9814522736999045,32
443,82698.67944744312,business_owner,7.74861902635819,30
444,32357.859649151538,employed,4.4793190185564775,30
445,42000.50023488754,business_owner,6.708921253589388,37
446,95667.03390380096,student,8.042660322664332,38
447,41507.24150757973,employed,3.596656179951849,57
448,16697.919879766407,business_owner,6.868639822478547,58
449,56147.99544740134,employed,6.978738876564263,56
450,33354.35031185714,self_employed,1.3960391248399606,28
451,92903.97899788516,self_employed,6.524396801584423,23
452,53298.5308369857,self_employed,2.907044114751143,36
453,143576.14649248397,student,6.588034147082267,26
454,36422.67806824409,student,4.938122005688752,32
455,108910.93867347037,business_owner,4.68294085394606,47
456,86350.72911104665,business_owner,2.523408623247908,50
457,38661.123367658125,employed,0.44725298281599546,34
458,75547.94225807032,self_employed,5.333305657127027,50
459,70445.06028524747,student,4.666551933826322,42
460,59327.337940140984,student,7.6235678004151515,43
461,114791.26196685593,student,8.123022393453706,44
462,33003.039106880235,student,5.1253707937737465,22
463,44259.727828981624,student,4.848365208363573,44
464,49878.19560119027,student,5.3693606117298165,56
465,40084.84587014926,self_employed,7.597622649694104,57
466,109120.37983591521,business_owner,3.6862114420572087,49
467,34949.85268871241,employed,1.442738333580393,51
468,40175.80634137604,student,4.71053869742856,49
469,65317.10842767942,student,5.491467965842707,46
470,53870.15846152747,employed,4.765198281690081,31
471,43401.13556376597,student,6.855680256162474,23
472,123971.79326485108,business_owner,8.598543150038,37
473,78366.20380822902,business_owner,7.145014674619604,31
474,79095.43342239488,business_owner,4.579259682877908,30
475,35510.915354926445,student,1.0672868212479965,46
476,46363.8213698783,student,3.4791998513333877,42
477,58516.24043756302,employed,9.085969050702513,42
478,92063.76779910485,business_owner,3.8338451228621233,33
479,55074.337530835786,employed,5.5651599009765995,42
480,31357.874050719107,student,5.468275094226592,32
481,105071.81232747935,employed,3.401211847677129,43
482,142193.71218423027,self_employed,5.600384325200389,50
483,44309.18733616806,self_employed,5.546733491943849,52
484,32923.81002891254,student,4.920522190387651,34
485,125374.86056081005,employed,4.008606514620111,24
486,79439.80331448672,employed,1.4784744816883646,51
487,70567.57781041994,student,6.800457317830472,58
488,55869.39468283242,student,2.5514035274212685,29
489,90601.60959727119,employed,3.146573795015637,25
490,53932.490708090605,self_employed,3.2989590915813998,55
491,68208.97385146118,student,2.198984079450114,48
492,46289.90702040747,employed,2.7795532269808003,30
493,55993.52940284606,self_employed,5.0293763894583945,33
494,40439.036339403545,self_employed,6.2965608676877185,41
495,38416.94476239518,business_owner,4.125083399353179,27
496,39791.44692100067,student,0.8117587446724457,31
497,66992.92949479145,employed,6.8651816637461796,59
498,138766.2521643539,employed,3.4981889004397715,31
499,27922.046215593316,employed,7.525168206854364,41
500,97757.23590976857,employed,4.488237284658936,35
501,45759.52067714455,self_employed,5.60688950184809,25
502,59279.11232836851,self_employed,3.66695903745297,39
503,51370.70100766428,business_owner,5.131187691366357,40
504,54990.05824740064,self_employed,4.093543901345449,59
505,78955.23651595708,business_owner,4.012480115279088,57
506,71723.4037293926,employed,3.8418393830411404,39
507,44742.60966215447,student,4.6575016491258285,32
508,38041.647556182106,employed,7.113310567545584,38
509,58009.115410537925,business_owner,9.541730562071093,48
510,91587.217562004,self_employed,6.751431724801961,37
511,69695.43884161295,self_employed,2.2466169187238365,24
512,45986.88692007487,employed,6.542877983831648,40
513,47428.64969633488,business_owner,1.810593865466409,26
514,49790.769040745035,employed,5.803542565117147,42
515,33357.622373156555,self_employed,0.0,47
516,66359.56489058328,self_employed,4.243091896307081,56
517,137396.97015779393,self_employed,4.0858074868274565,52
518,58286.61429312808,employed,6.625914224731298,51
519,93261.72790636969,self_employed,3.6146768843397945,37
520,35079.58804176498,employed,1.1269625309837683,34
521,41818.257563825544,student,4.031278111455289,41
522,101369.61967377769,employed,9.066610597206928,25
523,102289.49790476005,self_employed,3.5436864478644257,36
524,61913.61330299783,business_owner,6.031878435408199,42
525,56682.75814202277,student,3.791975450149746,35
526,89065.94592736627,self_employed,2.491421153661501,58
527,30743.114967640624,employed,9.829581997317263,42
528,26700.40711559651,employed,7.329478708914342,54
529,48369.34099911981,self_employed,3.9163300246627166,28
530,75735.26101510326,student,8.829424611995984,55
531,99313.21595362885,business_owner,0.43170428503531966,43
532,177525.43736600986,self_employed,6.88064324108176,27
533,53192.830820431416,employed,7.300581061832322,23
534,34127.326394529984,self_employed,6.300380761461509,55
535,56297.80876034646,business_owner,7.238525889550526,43
536,96013.6344797125,self_employed,3.6215418595662867,31
537,20607.976374191716,employed,4.926933300162779,41
538,132110.45435199336,student,5.549362147985706,43
539,36790.01987919642,self_employed,5.918994612141384,48
540,62507.162708675336,student,6.277566158896418,47
541,149387.1902240315,student,9.037932222239727,24
542,62422.029910922734,student,6.762569562865537,56
543,69520.46538537061,employed,3.4964178998096314,40
544,30372.67152547257,student,4.474433222035063,31
545,52639.91177385088,employed,3.5410906077805224,57
546,37358.22854184237,employed,2.752197066269814,36
547,61940.39033078923,self_employed,6.705547350244439,41
548,32389.830877953184,student,5.425489676919479,24
549,88827.32974397718,business_owner,4.456175997853127,59
550,50645.837970281675,student,4.1927030735160065,29
551,69493.68180839937,business_owner,6.521809486313815,58
552,167923.27533287837,self_employed,2.8649341714914542,40
553,65891.22016397245,self_employed,5.482476275310696,37
554,59602.73329384581,employed,5.606245923183686,42
555,37750.10872522594,student,7.347453995485177,59
556,72761.58451935019,business_owner,3.4552604313713995,54
557,46073.89102192897,business_owner,2.485577450284925,49
558,68561.55743703182,self_employed,5.608385839106843,27
559,36196.89850044751,business_owner,7.279757122258091,23
560,55121.796127731104,employed,7.611939834654377,45
561,114519.14271433378,student,4.954263875402236,51
562,78661.45847180189,student,3.3202382069785292,47
563,53131.96217867715,student,4.266351176370625,55
564,42986.57403033603,self_employed,0.9406522645208355,32
565,110037.80421488917,self_employed,8.042632103844902,38
566,56868.018626877754,business_owner,7.450264696335749,48
567,38106.83988850826,student,5.6487185634432056,55
568,108807.66618316318,student,2.7572387238504303,27
569,48970.17056502547,student,6.0485293552863375,44
570,53523.3036677983,self_employed,3.8116465025400847,46
571,44464.620318938985,employed,2.5750459507041805,56
572,46556.75449206032,student,7.887993331149092,35
573,54210.53178846765,employed,5.600311169991452,56
574,92007.797925582,business_owner,5.692355491665483,44
575,49530.06015414978,self_employed,2.722664123058174,59
576,44974.523932665405,self_employed,2.3579870082696597,56
577,115126.7996276175,business_owner,4.2454435882326225,41
578,58414.0398446636,self_employed,4.394071090196142,47
579,78467.0924358387,student,6.769502109526628,41
580,61049.04161320821,employed,5.308631663267173,40
581,71944.02439666918,student,8.676367353590244,38
582,23327.774633504323,business_owner,4.407465112982236,56
583,86916.40717541538,employed,3.2281680080814414,25
584,50083.59633997706,self_employed,6.588766835958355,37
585,86435.37793128267,self_employed,3.701337376159212,33
586,62008.45846374871,employed,7.323756605216381,41
587,58011.0200161084,employed,1.956944693215375,30
588,68362.3671030474,employed,6.283861069923102,55
589,65827.35815275119,employed,7.002092185134282,44
590,24221.205732046685,student,3.6241322663256446,36
591,93237.15395315184,employed,5.460019047525673,43
592,134072.9225431691,student,7.629828907168095,50
593,120666.14377302199,student,7.2181080958631725,49
594,86134.0362951316,business_owner,3.6515591873762725,43
595,38253.89241621863,business_owner,3.1382376116131914,22
596,43835.41286244894,self_employed,1.9024741557534424,46
597,89615.36676580294,business_owner,5.412099035759026,22
598,29511.15760276281,business_owner,0.0,35
599,28215.86854389815,student,6.520111927379205,34
600,106884.87743880274,employed,5.2422359966744105,29
601,102974.82208326994,employed,3.8449398129848924,30
602,44784.219173108926,employed,6.707426091365656,45
603,100621.35560076877,business_owner,5.172735134146847,34
604,51700.90571049008,business_owner,5.2262684753599435,34
605,125527.9883926824,student,3.5812994241278666,29
606,33157.644572576755,employed,6.670988555841522,54
607,47026.637438492675,employed,5.293586023971098,44
608,90157.67229506272,employed,2.589992957801945,57
609,38404.351487259584,student,4.386237702625254,41
610,54035.33766647981,business_owner,6.715766212262861,36
611,46020.98349459413,employed,8.011636575279313,31
612,107805.88767534019,self_employed,1.5320329411652946,35
613,85315.14022955795,employed,5.466432262527003,49
614,75042.98418587359,employed,2.8502018853817597,23
615,113669.39389027377,self_employed,5.233738764682227,23
616,58887.55191933397,business_owner,4.583766285454921,22
617,54553.59140997884,employed,3.4626273718599156,42
618,45022.92395926565,employed,6.236969025573044,44
619,101110.67933920238,student,4.329208554452414,56
620,62350.77839713841,self_employed,3.3900186781394237,51
621,120118.33369909757,business_owner,4.499906970802094,24
622,24109.133610479443,student,3.6136263455271616,53
623,114940.52750424227,student,1.6750160239286513,54
624,120395.77867058343,student,11.174310300396812,58
625,48917.54937543874,employed,5.258822516551195,22
626,55423.95835685543,self_employed,5.861145344188098,39
627,29544.88144013294,business_owner,7.426632818371283,48
628,25803.899525545283,self_employed,3.3882598670076227,26
629,110311.30036655454,student,5.222344320579072,33
630,37455.59257665298,employed,5.283722110414998,26
631,34290.58639420935,self_employed,5.195351711120559,48
632,24744.321898764545,self_employed,2.098053475117824,36
633,34611.40349862096,self_employed,4.928009176045516,58
634,57141.33073505545,business_owner,5.457964850122156,27
635,107641.58382149697,employed,5.739284384396187,50
636,27727.132914853377,student,2.0274459400994123,43
637,32959.58842370176,employed,5.285886189527414,34
638,131453.3507427145,business_owner,5.500904815455555,44
639,24330.138611958544,student,3.9146524005319563,42
640,31865.289189699655,student,3.269921547302014,32
641,22255.625671669495,student,6.495820512235068,45
642,46122.17315759026,employed,6.1296282993658595,38
643,38137.6349325902,self_employed,7.12128586097233,45
644,32377.700309723386,employed,5.993398446473043,29
645,58978.47732534638,student,3.864588431562629,40
646,68116.9309916237,self_employed,2.9608767365602278,32
647,44475.64802976381,self_employed,0.8042091173826522,42
648,70502.21839809144,employed,8.258019206698537,38
649,49969.96286325528,self_employed,8.935797885856271,33
650,37999.09471668802,student,5.05775144629802,53
651,22870.29443031733,student,4.842764722917029,59
652,227921.25721621572,business_owner,6.913667462312194,36
653,86772.192371283,business_owner,5.374839761046873,38
654,108768.61753188763,business_owner,4.326204348833018,25
655,56764.95099384118,business_owner,7.780854948812764,30
656,29961.745281398005,student,6.926177996426064,40
657,34505.0110075703,employed,3.3001609086227077,34
658,93221.11021238579,self_employed,6.578268050293357,50
659,183481.9396237204,employed,5.920141212694876,37
660,45975.34315070337,business_owner,7.028209862559424,51
661,45807.05194222085,business_owner,6.713234209251355,24
662,86038.3058927208,employed,6.032356574229917,36
663,73916.3927353578,employed,3.812319675506722,30
664,80197.81972888124,self_employed,5.899311813251701,44
665,39730.69474340836,student,4.951944283838792,25
666,42719.50397577917,business_owner,4.710962658568964,29
667,63157.923861815005,employed,4.730462841769762,53
668,23229.833691418833,student,5.426587414745877,38
669,123934.76424862136,student,5.006168253650054,59
670,26801.68580830318,student,3.4745504428675718,55
671,92638.45297851606,self_employed,3.7401894905631754,48
672,61683.79195127633,business_owner,4.31622452765743,22
673,28604.976339221,employed,5.515521765720222,42
674,48862.66512054877,employed,2.2342660454915504,43
675,80743.18556422916,student,3.30122616968819,31
676,147304.2700391733,student,7.477892705878874,41
677,34452.03484182617,student,6.56436521591152,45
678,77799.13212638785,student,1.5236390553269126,34
679,67047.08866511681,student,5.854911849990232,52
680,42304.27545256768,self_employed,4.181435123773792,32
681,43111.484389509744,employed,1.9232600020637936,52
682,79233.40115562019,self_employed,3.7687426510048705,53
683,93199.41213044654,student,5.418138460235731,29
684,38978.87180848491,business_owner,7.251175542080688,22
685,65673.47595777195,self_employed,2.8940698431993863,25
686,68273.75181871919,employed,5.387179822735089,40
687,53469.65439618641,student,6.512106644157293,58
688,86598.7090551344,employed,5.221778957775536,31
689,48667.70508291206,business_owner,3.782827827987158,34
690,44803.049354866525,business_owner,3.339489621925619,38
691,73046.45482889203,employed,5.31550156205943,42
692,183609.64427325322,employed,4.179437128058006,38
693,73420.79673660074,student,4.750048427283468,56
694,29122.285045325367,self_employed,4.5810948687018485,56
695,46440.62533573833,employed,4.704439362365057,34
696,111030.57701618789,business_owner,4.359816038111219,23
697,81724.04712713869,business_owner,2.7223337644384618,43
698,83720.59709824865,employed,2.856285533919689,55
699,83821.3567784702,student,4.6711671190772375,39
700,64160.90481331694,self_employed,4.320170988461566,22
701,50801.98776968287,business_owner,6.206374862164687,34
702,25036.147052856857,employed,5.238036812107949,31
703,53407.157007753995,employed,3.0113012507829753,24
704,88387.85532814308,self_employed,0.18022366578638405,45
705,81512.77905517045,self_employed,5.73477738126126,47
706,33176.38452598112,student,7.228643389337744,37
707,63600.613982514355,self_employed,8.095140190057853,33
708,83820.3098415671,self_employed,6.1836282674827565,58
709,97775.2468768112,self_employed,3.515540959616731,28
710,32223.344784944376,student,2.06494946849512,37
711,98158.08641833183,business_owner,2.2971084702160574,57
712,65295.005845907086,employed,5.487906395817,29
713,47290.75982140749,student,4.20494035808908,24
714,69984.90107926336,self_employed,5.299863340126782,49
715,42048.182115564414,student,4.914592410553433,47
716,64589.64699425334,business_owner,5.050853405223269,26
717,173375.9772949991,business_owner,5.8659533654554625,36
718,124886.47280166067,employed,5.650863517072596,47
719,49632.53324221168,self_employed,4.364569806487532,46
720,72884.74317025718,business_owner,7.82598951125366,34
721,76811.59422773188,business_owner,7.2802980770425325,52
722,33355.94094304308,employed,6.697124068951496,59
723,52496.96293817069,business_owner,1.3285774519179587,52
724,51025.26791739192,employed,5.303515984497481,26
725,27296.214871443568,student,4.968695876755662,54
726,61018.413453873145,business_owner,6.169145255899136,53
727,164687.18575958707,employed,5.013599689119996,27
728,91195.80443662932,self_employed,3.7647267812115066,35
729,19812.514140495572,self_employed,8.066867402592651,24
730,54156.074118416254,student,2.5357153403703347,54
731,18254.50165194639,student,6.1964987492599,27
732,69075.77229365055,student,3.3620066196826466,47
733,28145.805591090535,employed,5.242293803699793,46
734,39687.20852565317,employed,7.633917673373407,37
735,57385.96789995778,student,2.5133521431878023,57
736,85808.98249447226,business_owner,2.4134540842576726,38
737,67243.6571047601,self_employed,2.5937347959666144,50
738,51198.780108526946,self_employed,4.998582810846708,57
739,81572.2321066042,self_employed,4.585044954632255,42
740,42284.011340035206,self_employed,2.8316172179553503,29
741,44189.250133082736,business_owner,6.521539283918708,50
742,171075.60881638818,self_employed,4.505948598508007,57
743,40986.74040979183,business_owner,1.867300534071815,55
744,43274.268693077596,student,7.642608064546025,41
745,67761.9399262453,employed,5.300810876352328,48
746,88558.49581997229,employed,2.1204515737798313,50
747,22358.192577299567,student,6.785194676598619,22
748,41980.455363944166,employed,3.804580972533815,41
749,60302.9638903761,business_owner,3.0921211612067103,26
750,48848.64130820387,employed,6.372636913913402,25
751,27719.0777898076,business_owner,8.966772469703423,42
752,134404.1100703675,business_owner,5.208711875046426,28
753,54471.8756650064,student,6.843300223848919,44
754,49988.80154811118,student,0.0,50
755,38948.41351747663,student,2.939970848273784,49
756,30014.777480320692,self_employed,7.770297850424647,36
757,56699.005725256255,business_owner,7.067926512998046,45
758,93874.82457702397,student,6.489168054399358,25
759,24605.03087183077,business_owner,5.639303651837954,26
760,96424.16018975222,employed,0.584872549419468,27
761,41532.98866559784,employed,2.953608977363411,41
762,84093.67554081442,business_owner,2.702411929682688,26
763,80463.12683817763,self_employed,7.793696403626656,58
764,92207.64554822813,self_employed,6.159286458645294,57
765,124227.01507608674,employed,1.5597948981043634,37
766,62483.57937984827,self_employed,3.3834685567181473,53
767,76126.54698948361,employed,3.8612325997037455,38
768,82886.2981889449,student,1.993839396480364,46
769,65251.73073502813,employed,2.8813747577645152,22
770,39194.24304674646,employed,6.077612423503908,45
771,50141.100745310054,business_owner,4.243409451477576,27
772,67173.58571996233,business_owner,5.995486178182788,38
773,49805.83188991081,student,4.080538537251546,24
774,69972.03219100753,student,4.102463551022738,22
775,54641.51230301148,student,1.0697988512928216,53
776,89060.39642140536,employed,4.559490797007824,40
777,49041.59544254228,self_employed,5.599701903541493,54
778,58096.19814546477,student,5.909590339284761,45
779,93450.91290593843,employed,6.1504100322131325,54
780,148688.9161963828,self_employed,5.079872794429381,34
781,65747.83424402181,business_owner,5.459852935786861,25
782,28436.3899901819,self_employed,7.029837964910316,58
783,54037.08696730787,business_owner,4.059182214937158,24
784,30554.204497024282,student,6.364119017153602,54
785,24633.98773348824,business_owner,5.817305622961341,26
786,111847.35855737823,employed,1.9698093140886992,26
787,43711.57862810503,self_employed,8.067455419833,54
788,45802.743427580725,business_owner,1.5852840848141065,43
789,48236.97298753669,business_owner,4.673358385432203,25
790,45274.65379731559,business_owner,5.680118733721603,40
791,75863.14345850596,student,7.6713117942891245,50
792,74030.8033547334,employed,4.663813068069511,29
793,60864.08227605533,employed,3.4830093305998613,23
794,127618.2911673958,self_employed,3.773278374963434,41
795,23787.275382276403,student,3.14097827961518,28
796,39566.66627106331,employed,3.6744310424112676,56
797,37762.43458567966,self_employed,2.992085255837003,59
798,62554.22812143297,business_owner,5.791871351253546,48
799,45554.28440756373,student,4.456689779347894,40
800,126663.75880976497,self_employed,7.495513668152431,55
801,38083.73907089713,business_owner,7.910121164963538,31
802,158630.91267370645,self_employed,3.8829705158122256,57
803,175899.19849054908,business_owner,3.044875749054626,43
804,80730.02596824171,self_employed,7.599948093451506,46
805,64281.54826322559,employed,3.99823711739584,25
806,61992.83196517901,business_owner,6.445177003240211,22
807,85921.8949367818,self_employed,3.2109346217272225,53
808,38863.254335281796,business_owner,4.71814417144476,42
809,56064.81449631377,business_owner,6.652094342883013,25
810,138514.66246180257,self_employed,4.015107851338964,40
811,143600.72037213293,employed,7.7629081573809735,41
812,80303.52863390451,employed,2.7430527405049068,44
813,57695.614637121434,self_employed,4.515701548352139,26
814,36806.96306161927,self_employed,1.2451142295277822,54
815,44800.446251075766,student,5.478809001070754,31
816,52296.7606478953,student,6.785179034228705,34
817,47235.94468615705,self_employed,7.651929348570468,22
818,97614.76249946714,employed,3.494310461228552,30
819,80726.83470233485,business_owner,3.8283686814845304,49
820,98682.69251822172,business_owner,4.525846018228844,59
821,26697.274869366425,student,0.9289383143642542,58
822,49108.23827178682,business_owner,7.793256959014624,43
823,75568.28837821107,employed,7.685748425898824,25
824,26047.970401175582,business_owner,8.252285597566223,45
825,46790.645937594214,self_employed,7.887264006937628,22
826,125978.1197188438,student,5.170562635931477,42
827,91860.79494782179,business_owner,6.915579470273734,41
828,118149.45974448632,employed,4.521752610994082,25
829,56836.722738547,self_employed,6.559510992577642,44
830,91925.77611052936,self_employed,3.266760782671736,45
831,42871.59112210081,student,7.01107045194912,53
832,79581.71463219321,employed,7.465049766235813,37
833,101970.45257311416,business_owner,0.7194682424440417,43
834,123474.93540374823,business_owner,5.212349939493004,38
835,46400.74207665689,self_employed,0.8518480804704209,43
836,49830.64846987945,business_owner,1.3276510711350045,34
837,40802.19820641023,student,7.955363755875356,44
838,132910.02497827375,employed,4.0669001365318875,23
839,124351.69335211831,self_employed,5.322102957193177,43
840,21361.323911512078,self_employed,6.101973315142627,53
841,52025.54757133255,self_employed,5.849932232495091,57
842,52710.98100146095,business_owner,4.324943428300278,35
843,46434.839806995704,business_owner,3.678515927929383,40
844,109034.28448947227,student,3.4201479494234808,29
845,58717.78256341113,employed,5.444868273939856,54
846,152585.83782883524,business_owner,5.779228354741807,22
847,43960.80698623743,employed,2.8764378920798945,22
848,78781.96837318756,employed,9.438402543923557,50
849,71489.70869657831,employed,4.910090826455234,28
850,69277.86468685755,business_owner,4.150029253246701,28
851,78327.79726689174,business_owner,7.6687006518985985,46
852,38052.23344155812,employed,8.418772133115404,53
853,82264.14910380852,self_employed,5.714843432435238,49
854,101270.20902385877,employed,6.641518607962612,43
855,58304.79835465152,business_owner,7.4471377648372545,28
856,30957.680408804452,self_employed,4.594038725208685,36
857,40134.06355042181,self_employed,4.87295085076929,39
858,58605.76264278235,student,5.1160454696167905,29
859,52164.05335142461,employed,6.881392287645364,57
860,64686.26786484178,employed,7.36009073762234,39
861,109102.10634772938,business_owner,4.01619510498759,41
862,34928.699109137735,self_employed,3.62256466715417,35
863,43819.197750517866,self_employed,4.630949284688301,25
864,144472.50121236607,self_employed,4.434306907644413,52
865,82930.73295719715,employed,2.724628659150367,30
866,68477.944426753,employed,8.026018532007978,57
867,75255.19391140049,employed,7.911644644293533,53
868,33788.28028805552,employed,5.114580708906033,40
869,120775.04778342898,business_owner,6.395806545078055,49
870,64565.47515869872,employed,4.764251870836809,38
871,82424.23353254308,employed,2.06758433820767,47
872,65862.05747892142,self_employed,6.882621161534967,33
873,147953.47938671382,self_employed,4.563908209215253,37
874,43688.65604759166,student,2.983889045776104,23
875,91612.57600698527,student,4.686515848435448,32
876,38029.669482867335,self_employed,8.038567847283538,44
877,104210.57006486753,student,6.193565559349953,59
878,178800.93654304283,business_owner,6.063981215223607,51
879,64859.743675446814,student,1.937543873633245,49
880,24773.747623925487,business_owner,4.412305927305788,57
881,81390.41747546122,student,6.056785623735441,44
882,86651.78719828384,employed,6.632678311876687,49
883,54464.39310586915,self_employed,2.025532264507514,27
884,95577.81647756339,business_owner,4.591813405968826,26
885,97738.10354092279,student,5.7117787551086385,27
886,30366.301491514696,student,4.354870431796046,50
887,154564.85968266585,self_employed,3.5537687387221055,23
888,86850.04695008638,employed,6.179896969109885,59
889,107012.33570008534,student,3.377485761725615,31
890,59481.07690494775,business_owner,4.6189432646726445,36
891,34953.310343666155,business_owner,2.680491105795734,32
892,109907.95573524377,business_owner,3.804862728466068,51
893,102835.2388708507,business_owner,2.3755616131371875,43
894,116710.48078962351,student,6.259499756797348,36
895,54051.313501236305,business_owner,5.00962661475357,37
896,24942.16494786225,business_owner,1.9448590123813476,46
897,65958.74168999902,business_owner,3.7946283043444224,23
898,39766.720256704255,student,8.064735449356231,40
899,51164.284242591995,self_employed,6.916576859410004,49
900,28698.42319114666,business_owner,5.282338597383083,42
901,81859.03883573925,employed,6.770462965977982,35
902,57926.39069530449,self_employed,3.6938166772993273,48
903,35261.472154060866,business_owner,7.963326804925197,32
904,59915.458674290225,employed,2.4464540957378267,46
905,31074.990938148992,business_owner,6.7352641678122716,22
906,110795.03663482286,business_owner,8.370028557417019,33
907,62726.540860752284,employed,3.931373995447651,50
908,54744.1132400493,student,2.463971585233247,41
909,61191.11843278963,student,6.116279029037012,47
910,34489.44524712475,employed,4.374914525799671,59
911,43318.81281954034,business_owner,5.437985046667985,29
912,65979.63620678334,student,3.3276442370254067,29
913,66391.42722347537,business_owner,6.476981665212681,37
914,90863.54942312941,student,8.287380990504477,48
915,38262.36110635028,business_owner,6.992017318777339,30
916,67953.75090545061,business_owner,6.640688025224912,29
917,50159.80193157524,employed,3.2722708682539148,33
918,71078.02558099916,self_employed,5.61690021666303,50
919,54017.874744465305,self_employed,3.506843306919522,28
920,43053.50251330111,student,3.5902630923690193,59
921,110856.54262551444,employed,0.0,29
922,25562.79791158021,student,4.074368627320978,32
923,32807.07827984954,self_employed,2.915911175513794,31
924,40741.47795669598,employed,2.407766671500211,34
925,49528.213233754184,student,5.664130498328813,59
926,58940.30404400754,business_owner,3.3031427316183706,32
927,117714.11835459703,employed,5.564374814860854,59
928,42075.586321392555,student,7.01600389449009,56
929,55250.42321463574,business_owner,7.071694609735237,52
930,129684.01915931367,employed,3.501713470612798,55
931,142832.18318323186,student,4.357514467764177,39
932,105317.70205449052,business_owner,6.36338137980761,36
933,127823.59567327374,student,5.715676697342047,41
934,60371.63771929445,employed,4.295888784576127,37
935,86982.45707913577,self_employed,8.912836506376902,40
936,40105.57033060727,student,5.661621850519514,39
937,72167.17588436606,business_owner,3.582429839506921,46
938,95101.4071922612,employed,5.0635631363231814,38
939,61173.30145665896,employed,7.689352240204266,47
940,52476.84512621409,student,7.005301825975655,29
941,125300.13434359663,self_employed,2.66444089746413,59
942,53724.396684864805,business_owner,5.459422033604593,49
943,16532.0953376104,student,4.4912464483889005,43
944,119478.52758485767,business_owner,8.746041247150913,29
945,111651.05111078217,student,3.8758193493916115,56
946,111203.70408082541,employed,3.246014810978896,26
947,77652.53992039817,employed,3.0443255992574287,52
948,73445.84815402718,business_owner,4.384383057722232,43
949,83704.66754220355,self_employed,7.731635505124097,41
950,30956.523864145747,student,3.7841031054296312,54
951,30001.490378792616,student,5.499803418235455,29
952,37486.89981298298,self_employed,3.6644408870622276,34
953,19553.007371702162,employed,0.7585996947298677,37
954,118902.41852280649,business_owner,6.214490907366812,38
955,71672.92800799098,self_employed,5.337412522190406,50
956,53733.633817268346,business_owner,8.705129457550099,42
957,32563.457863783682,business_owner,6.307003904111724,30
958,128950.22636044961,employed,4.644726589229253,44
959,29354.564779029297,employed,6.625828489794943,30
960,51858.60919605359,business_owner,5.574657808806019,32
961,27541.07961760806,business_owner,4.3970052729582525,33
962,45029.96949601299,employed,5.659017471146019,29
963,39843.02364070842,employed,3.907481923747919,32
964,155780.72756976812,employed,6.728308426941772,53
965,105224.9800555153,student,5.357181034785606,44
966,54213.209214101684,self_employed,6.265935301201617,58
967,48239.72570509621,student,8.1292394823215,56
968,25932.637776003172,employed,3.686630419779778,23
969,77087.94074254662,student,5.391690494021371,38
970,34623.33900459977,student,6.0921470262742226,23
971,119529.79715298925,student,8.320084978966966,25
972,84000.11384975981,student,4.509398917334939,34
973,92783.4345898215,self_employed,7.945341351501964,40
974,34746.71299633429,student,2.4412590082943098,49
975,39731.97509367541,student,2.497243507145215,54
976,82474.12589364403,student,4.618993788004377,48
977,34623.902578215326,self_employed,5.596783693132609,46
978,68333.05600547361,student,6.450398945346369,31
979,45352.878168717754,business_owner,3.2566438423262296,48
980,82266.80913718393,self_employed,2.7651636529732078,55
981,49422.18988167577,student,6.908027631694614,44
982,35537.10278236728,student,2.8740666879500103,22
983,138009.9818368332,business_owner,4.128362045667537,42
984,110364.24951750004,self_employed,4.482291199260336,42
985,67148.1777258842,self_employed,8.425335425677138,36
986,88245.99653302006,student,7.744122847899371,26
987,48750.51810022671,student,4.738101555631054,44
988,78569.56497209244,student,5.399620867437427,56
989,155547.95045885342,business_owner,6.619778643322233,31
990,75611.08035744367,employed,6.012733955052509,58
991,127796.83145569485,student,6.204236640784967,51
992,49918.37624926128,business_owner,5.954701279472947,47
993,84020.8149574799,student,6.581002721323447,49
994,57931.27594917683,business_owner,5.90131111066931,55
995,48688.45577792257,student,8.775375314680382,58
996,29489.312421905983,business_owner,6.3063862211606185,42
997,52750.832564262506,business_owner,5.2932825685949245,37
998,106593.91583110372,employed,3.9627840419394107,47
999,68967.75449863907,student,4.418578513293561,35
